Headline,Class
ควันหลง ‘ไฟใต้’ มองแนวโน้มสถานการณ์ชายแดนใต้ หลังตากใบหมดอายุความ,0
“ทักษิณ” ขออย่าไปสนใจ ปมสาดโคลนอีแอบ บอกคุย “ภูมิใจไทย” เป็นประจำ,1
กมธ.อุตสาหกรรม เห็นด้วยคำสั่งปิดโรงงานระเบิด แนะทำโมเดลเชือดพวกจงใจทำผิด,1
“ทักษิณ” ประกาศ ถึงเวลาพลิกฟื้นอีสาน ใช้เทคโนโลยีช่วย ให้มหาวิทยาลัยเทรนคน,0
“หญิงหน่อย” แนะ นายกฯ อิ๊งค์ รับมือ 3 ศึกหนัก เศรษฐกิจโลกปีหน้า,0
“โรม” แฉ “ภูมิธรรม” หลอกลวงคนไทย ไม่เคยประท้วงเมียนมาปมยิงเรือประมงไทย,1
“ชัยชนะ” วอนอย่าตีกินทางการเมือง ปัดอวย “ทักษิณ” เรื่องชั้น 14 ไม่ผิด,1
“พิชัย” ย้ำ ไทยพร้อมเป็นฮับ PCB - Data Center - AI - ยานยนต์ยุคใหม่ ของอาเซียน,0
รัฐบาลตีกรอบเยียวยาน้ำท่วมใต้ใน 30 วัน และรับเงินหลัง ธ.ก.ส. ไฟเขียวภายใน 10 วัน,0
"""อิ๊งค์"" ชิวๆ ไม่ใช่เรื่องใหญ่ 59 ภูมิใจไทยกล้าแหกมติวิปรัฐบาล โหวตหนุนประชามติ 2 ชั้น",1
“เอกนัฏ” สั่งปิด “โรงงานซิน เคอ หยวน” ลั่นถ้าไม่ปรับปรุงให้ดีขึ้นก็ไม่ต้องเปิด,1
“นฤมล” ชง 6 ด้าน แนวทางการปลดล็อกและพัฒนาภาคเกษตร,0
นายกฯ อิ๊งค์ ประกาศพร้อมเป็นครัวโลก ชูโครงการ 1 หมู่บ้าน 1 เชฟ,0
พรรคประชาชน เฉ่งนายกฯ เบี้ยวตอบ 2 กระทู้ ฉุนไม่ให้ความสำคัญงานสภา,1
รัฐบาลชื่นชม นักวิจัยไทย คว้าเหรียญเงิน คิดค้นแผ่นแปะรักษาโรคสะเก็ดเงิน,0
นายกฯ เตรียมบินมหาสารคามพรุ่งนี้ ติดตามโครงการ ODOS,0
“อนุทิน” ย้ำ ต้องเร่งจ่ายเยียวยาน้ำท่วมภาคใต้ ลั่น “ประชาชนทุกข์ ผมก็ทุกข์”,1
“นฤมล” ตรวจน้ำท่วมนครศรีธรรมราช สั่งเยียวยาเกษตรกรในพื้นที่ภาคใต้ด่วน,0
“นายกฯ อิ๊งค์” ยิ้มรับ หลังถูกถามปมศาลรัฐธรรมนูญไม่รับคำร้องดิจิทัลวอลเล็ต,1
ม็อบบี้ ป.ป.ช. เร่งคดีชั้น 14 ซัด “ทักษิณ” ฉ้อฉลรัฐธรรมนูญ จ่อยื่นเอาผิด “ทวี”,1
“เอกนัฏ” เผย คุมเพลิงไหม้โรงงานที่ระยองได้แล้ว สั่งหยุดประกอบกิจการทันที,0
พรรคประชาชน เปิด 6 ว่าที่ผู้สมัครนายก อบจ. พร้อมชนสนามปราจีนบุรี,0
วง ครม. เคาะงบ 368 ล้าน อนุมัติมาตรการรักษาเสถียรภาพราคามันสำปะหลัง,0
ครม. มอบ “ภูมิธรรม” เป็นรองประธาน ก.ต.ช. โยก “รณรงค์” นั่งเลขาฯ สคบ.คนใหม่,0
“โรม” ซัด “ทักษิณ” แย่ง “อิ๊งค์” เป็นนายกฯ จี้ ป.ป.ช. เร่งทำคดีชั้น 14,1
“เฉลิมชัย” สั่งระดมตั้งโรงครัวช่วยน้ำท่วมภาคใต้-จุฬาราชมนตรีไปแจกถุงยังชีพพรุ่งนี้,0
พรรคประชาชน ชงแก้รัฐธรรมนูญ ตั้ง ส.ส.ร. ยกร่างใหม่ เข้าสภาฯ ม.ค. ปีหน้า,0
พปชร. มีมติ ส่ง 4 สส. ร่วมวงดินเนอร์พรรคร่วมฝ่ายค้าน,0
ครม. เทงบฯ 368 ล้านบาท ช่วย 4 โครงการ รักษาเสถียรภาพราคามันสำปะหลัง,0
“อนุทิน” ไม่หวั่น “ทักษิณ-พิธา” ช่วยหาเสียง โว ภท. ยังครองแชมป์การเมืองท้องถิ่น,1
"ครม. เพิ่มอัตราเงินสงเคราะห์บุตร เหมาจ่าย 1,000 บาทต่อเดือนต่อบุตร 1 คน",0
“อิ๊งค์-เสี่ยหนู” เดินคุยโชว์ปึ้กหลัง ครม. นายกฯ ควงสามีลงใต้ติดตามน้ำท่วม,1
“ภูมิธรรม” เผย 4 ม.ค. 68 วันชาติเมียนมา คาด 4 ลูกเรือไทยได้ปล่อยตัว,0
“อนุทิน” ลงใต้พร้อมนายกฯ ช่วยน้ำท่วม ยัน พื้นที่ประสบภัยต้องเยียวยาเท่าเทียม,0
นายกฯ เร่งตั้งทีมปราบผู้มีอิทธิพล วันนี้ประชุม ครม. เร็วขึ้นก่อนลงดูน้ำท่วมใต้,0
“เอกนัฏ” ยันอยู่วง ครม. ไม่หวั่นไหว หลัง “ทักษิณ” เหน็บพรรคร่วมรัฐบาล,1
“บิ๊กป้อม” กำชับ สส.นครศรีธรรมราช เร่งช่วยเหลือผู้ประสบภัยน้ำท่วม,0
อนุกรรมการภาพยนตร์ แจงปมร่างกฎหมายใหม่ หลัง Doc Club & Pub. โอดถูกสั่งหยุดฉาย,1
“ชูศักดิ์” ช้ำใจเข็นรัฐธรรมนูญฉบับใหม่ไม่ตามเป้า เชียร์ทำประชามติ 2 ครั้ง,1
จับตา 20 สส. เปิดตัวซบพรรคกล้าธรรมก่อนปีใหม่ “ธรรมนัส” จ่อนั่ง ปธ.ที่ปรึกษาฯ,0
มติ ป.ป.ช. ตั้งอนุกรรมการไต่สวนคดีชั้น 14 พร้อมรับเรื่องไว้ไต่สวนปม “บิ๊กต่อ”,0
กกต. ยังไม่ฟัน “หมอเกศ” สั่งสอบเพิ่ม ปมถูกร้องวุฒิการศึกษา-ฮั้วเลือก สว.,1
“นายกฯ อิ๊งค์” บินด่วนลงใต้พรุ่งนี้ ตรวจสถานการณ์น้ำท่วมเมืองคอน พบปะประชาชน,0
“ทักษิณ” จ่อปราศรัยทั่วเชียงใหม่ ช่วย “สว.ก๊อง” หาเสียงเลือกตั้งนายก อบจ.,0
“วิสุทธิ์” ป้อง “ทักษิณ” ปัดเจาะจงปมโดดวงถก ครม. ไล่พวกรู้มากไปเป็นหมอดู,1
“วิโรจน์” เย้ย “อิ๊งค์” ลูกไม้หล่นไกลต้น สตรีทรงอิทธิพลของโลกใต้เงา “ทักษิณ”,1
พรุ่งนี้ “อนุทิน” ไปสุราษฎร์-นครศรีฯ ติดตามการช่วยผู้ประสบภัยน้ำท่วมภาคใต้,0
ผลเลือกตั้งนายก อบจ.เพชรบูรณ์ “อัครเดช ทองใจสด” นำโด่ง 2.6 แสน ทิ้งคู่แข่ง,0
เพื่อไทยป้อง “นายกฯ อิ๊งค์” มีภาวะผู้นำ เฉ่ง “โรม” จินตนาการไปเรื่อย,1
"เผยยอดเสียหายภัยมิจฉาชีพออนไลน์ เฉพาะ พ.ย. ปีนี้ 2,540 ล้าน อายัดได้ 383 ล้าน",0
“เดชอิศม์” ยืนยัน “ทักษิณ” เหน็บพวกอีแอบ ไม่ใช่ “ประชาธิปัตย์” แน่นอน,1
“อนุทิน” ร้องโอ้ย ไม่ใช่ผม ที่ “ทักษิณ” เอ่ยพาดพิงพรรคร่วมรัฐบาล,1
“โรม” ชี้ “ทักษิณ” ออกโรง ยิ่งสะท้อนความเป็นนายกฯ ของ “แพทองธาร” ลดลง,1
นายกฯ อิ๊งค์ สั่งเร่งช่วยเหลือเหตุน้ำท่วมหนัก 4 จังหวัดใต้ เร่งอพยพประชาชน,0
สส.เพื่อไทย ซัด ผู้นำฝ่ายค้าน ด่วนสรุปตัดเกรดรัฐบาล แถมวิจารณ์แบบมีอคติ,1
“สมศักดิ์” สั่งระดมทีมแพทย์ช่วยเหลือประชาชนเหตุระเบิด จ.ตาก,0
“สรวงศ์” ยัน รัฐบาลอยู่ครบเทอม-“ภูมิธรรม” ตีมึนไม่รู้ “ทักษิณ” หมายถึงใคร,1
นายกฯ เยือนมาเลเซียพรุ่งนี้ พร้อมถกทางออกสถานการณ์เมียนมา,0
นายกฯ เสียใจเหตุระเบิดตาก สั่งสอบทุกมิติ-“ภูมิธรรม” ยันไม่เกี่ยวเรื่องชายแดน,0
“สุดารัตน์” เย้ย แถลงผลงานรัฐบาลหรือแถลงนโยบายกันแน่,1
ไทยเตรียมหารือเมียนมา 19 ธ.ค. นี้ เจรจาปมปล่อย 4 ลูกเรือประมงไทย,0
“ประเสริฐ” ยัน แอปฯ ดิจิทัลวอลเล็ต เสร็จทันใช้ แจกเงินหมื่นเฟส 3,0
“นฤมล” พร้อมใช้เทคโนโลยีผลักดันให้เกิดสินค้าเกษตรมูลค่าสูง,0
“ทักษิณ” ประกาศกร้าว ใครไม่อยากร่วมรัฐบาลต่อบอกมาได้ ขอพระเจ้าอยู่อีก 17 ปี,1
“โรม” ผิดหวังไร้คำตอบ 4 ลูกเรือไทยไม่ได้กลับมาตุภูมิ อัดท่าทีรัฐอ่อนแอเกินไป,1
“ตั๊น จิตภัสร์” รุดขึ้นภูกระดึง ร่วมรับฟังแก้ปัญหาช้างป่าทำร้ายนักท่องเที่ยว,0
“ทักษิณ” บอก ไม่มีใครบ้ายกเกาะกูดให้กัมพูชา ยันเป็นของไทยล้านเปอร์เซ็นต์,1
“ธนกร” เหน็บฝ่ายค้าน ประเมินตนเองด้วย ว่าสอบตกหรือไม่ ชี้ทุกนโยบายต้องให้เวลา,1
นายกฯ จ่อเยือนมาเลเซีย 15-16 ธ.ค. นี้ เน้นเป้าหมายสร้างสันติสุขร่วมกัน,0
“ชัยวุฒิ” เปรียบขับ 20 สส. พ้น พปชร. เหมือนผัวเมียไม่รักกันแล้วก็หย่ากัน,1
หัวหน้าพรรคภูมิใจไทย นำ สส. ยื่นร่างการศึกษาเท่าเทียม-อสม. หวังสภาฯ รีบบรรจุ,0
รมว.เกษตร ยัน พร้อมผลักดันเพิ่มมูลค่าให้ข้าวและกาแฟไทย ให้เติบโตอย่างยั่งยืน,0
“เท้ง ณัฐพงษ์” ชี้ผลงานรัฐบาลไม่ผ่านเกณฑ์-“ไหม” อัด จ้ออย่างกับแถลงนโยบายภาค 2,1
"""สว.ก๊อง"" หารือเพื่อไทยแล้ว ลาออก นายก อบจ.เชียงใหม่ ก่อนครบวาระ 3 วัน",0
“เฉลิมชัย” สั่งจัดชุดเฝ้าระวัง หลังนักท่องเที่ยวโดนช้างป่าทำร้ายเสียชีวิต,0
“อนุทิน” ไม่โต้ “ทักษิณ” หลังถูกเหน็บชิงหล่อ ยัน ภูมิใจไทยไม่ได้เป็นจอมเบรก,1
“อิทธิ” แจงให้ “ธนดล” ถอยคดีไร่ภูนับดาว ปัดดีลแลกขับ 20 สส. พ้น พปชร.,1
บทสรุปการทูตกินได้ของ ‘เซลส์แมนเศรษฐา’ กับบทบาทไทยท่ามกลางความผันผวน,1
กระบวนการไม่ยุติธรรม ทนายหน้าสื่อจึงเฟื่องฟู? สำรวจปรากฏการณ์ทนายคนดัง,1
เลือกตั้งสหรัฐฯ ครั้งนี้สำคัญยังไง อะไรที่ไทยควรจับตามอง กับ ศ.ดร.สิริพรรณ นกสวน สวัสดี,0
หนทางสู่การเป็นประเทศพัฒนาแล้ว: รู้จัก OECD ที่ไทยต้องปฏิรูปโครงสร้าง เพื่อเป็นสมาชิก,0
สรุปนโยบาย ทรัมป์ vs แฮร์ริส ศึกชิงประธานาธิบดีสหรัฐฯ,0
ขายฝัน สร้างภาพ ทำตัวน่าเชื่อถือ สำรวจเสียงเหยื่อแชร์ลูกโซ่ ที่สูญเสียเพราะกลโกงที่แยบยล,1
วิกฤตน้ำท่วมภาคเหนือ ทำไมเกิดซ้ำซาก? มองปัจจัยน้ำท่วมภาคเหนือกับ ธารา บัวคำศรี,1
สรุปความเสียหาย สงครามอิสราเอล-ปาเลสไตน์ หลังครบรอบ 1 ปี,0
เขื่อนอยู่จีน แต่กระทบถึงไทย? นักวิชาการ คนท้องถิ่น มองอิทธิพลเขื่อนจีนต่อแม่น้ำโขงอย่างไร,1
ว่าด้วยออทิสติกเมืองกรุงกับชีวิต 24 ชั่วโมงอันโดดเดี่ยวในสังคม(ไร้)รัฐสวัสดิการ,1
เปลี่ยนโฉมไปแค่ไหน? เปิดรายชื่อ ‘คณะรัฐมนตรี’ ตั้งแต่รัฐบาลประยุทธ์ (สมัย 2) จนถึง แพทองธาร,1
คุณภาพชีวิตแย่ ไร้อำนาจต่อรอง: คุยกับ ‘คนกอง’ ในวันที่ถูกกดขี่ ด้วยชั่วโมงทำงาน-ค่าตอบแทน,1
“เราไม่จำเป็นต้องมีศาลรัฐธรรมนูญ” มองปัญหาการยุบพรรค ปลดนายกฯ กับ รศ.ดร.มุนินทร์ พงศาปาน,1
‘การยุบพรรคจะทำง่ายขึ้นไปอีก’ คุยกับ อ.ปริญญา ต่อการยุบพรรคก้าวไกล,1
“ใครบอกฝ่ายซ้ายชนะ ไม่จริง” มองการเมืองฝรั่งเศส สะท้อนการเมืองไทย กับ ปิยบุตร แสงกนกกุล,1
‘20 ปีตากใบ’ ที่ความยุติธรรมยังไม่ปรากฏ : สรุปการต่อสู้ครั้งสุดท้ายก่อนคดีหมดอายุความ,1
สรุปใครได้ ใครเสีย? เมื่อรัฐบาลศึกษาแก้กฎหมาย ให้ต่างชาติซื้อคอนโดฯ ได้ 75%,1
‘ข้อสอบง่ายหรือยาก เกี่ยวเนื่องกับต้นทุนชีวิต?’ คุยกับ ครูทิว–ธนวรรธน์ ถึงปรากฏการณ์การสอบบรรจุครูผู้ช่วย,1
ทำอย่างไรคนไทยถึงจะ ‘ลืมตาอ้าปากได้’ เรียนสูงๆ จะยกระดับชนชั้นได้จริงหรือเปล่า?,1
คนธรรมดาอาจสู้กับระบบไม่ไหว? ฟังเสียงนักรัฐศาสตร์ สะท้อนระบบเลือกตั้ง สว. ชุดใหม่,1
ธนาคารกลางควรเป็นอิสระ? เมื่อแบงก์ชาติถูกมองเป็นอุปสรรคต่อการแก้ปัญหาเศรษฐกิจ,1
ยกย่อง หรือฉกฉวย? ว่าด้วยการเข้าใจวัฒนธรรมและการหยิบยืมในโลกที่ไร้พรมแดน,1
สำรวจตลาดสำเพ็งที่โดนทุนจีนปิดล้อม เมื่อพ่อค้าแม่ค้า ‘สู้ไม่ได้ทั้งสินค้าและค่าเช่าที่’,1
การขาดแคลนทักษะทุนชีวิต วิกฤตใหญ่ที่ไทยกำลังเผชิญ?,1
‘สิทธิมนุษยชนไทย’ พร้อมแค่ไหน ในวันที่ไทยอยากเข้าคณะมนตรีสิทธิมนุษยชน UN,1
‘เชื่อแบบใหม่ เชื่อแบบสับ(สน)’ ไขความลับเรื่องไม่เมคเซนส์ ในทฤษฎีสมคบคิดมีอะไรซ่อนอยู่?,1
“จะเผาพริกเผาเกลือให้ฉิบหาย” เพราะสังคมไร้ความยุติธรรม เราจึงพึ่งพาอำนาจของการสาปแช่ง?,1
รู้ไหมกูลูกใคร? ว่าด้วย ‘วัฒนธรรมลอยนวลพ้นผิด’ กับสังคมที่เต็มไปด้วยอำนาจเหนือกฎเกณฑ์,1
“ยาฟรีที่ครอบคลุม ช่วยลดผู้ป่วยซึมเศร้า” ถึงเวลาเพิ่มยาต้านเศร้าในบัญชียาหลัก?,1
“อยากให้ลูกรู้สึกว่าคุ้มค่าที่พ่อติดคุก” อานนท์ นำภา พ่อลูกสองและผู้ต้องขัง ม.112,1
เมื่อความหวังอยู่อีกฝั่งของน้ำโขง เข้าใจชีวิตคนลาวในวิกฤตเศรษฐกิจ,1
ถึงเวลาไทยเดินหน้า ‘การทูตเศรษฐกิจเชิงรุก’ สัมภาษณ์พิเศษ ปานปรีย์ พหิทธานุกร,0
‘ภูเขาขยะลูกนี้ อาจอยู่ไปนานกว่าชีวิตเรา’ บ่อขยะแพรกษาใหม่ภาพสะท้อนวิกฤตขยะในไทย,1
“ขอให้ทุกคนได้กลับไปสู่อ้อมกอดของพ่อแม่” ฟังเสียงคนไทยในอิสราเอลท่ามกลางภาวะสงคราม,0
ชวนดูภูมิศาสตร์การเมือง ‘อิสราเอล-เพื่อนบ้าน’ มีจุดยืน-ความสัมพันธ์ยังไงกันบ้าง หลังเข้าสู่ภาวะสงคราม,0
เมื่อทุนไม่มีและทีวีไม่ฉาย สำรวจความยากและโดดเดี่ยวของคนทำสารคดีในไทย,1
‘เลี้ยงตัวเองยังแทบไม่รอด’ จากอัตราการเกิดของคนรุ่นใหม่ สู่ความ ‘บิดเบี้ยว’ ในสังคมไทย?,1
‘อะไรๆ ก็กู’ แต่ก็ ‘ช่างแม่มัน’ ชวนเข้าใจการเมืองไทย ผ่านมีม ‘ทักษิณ’,1
ดิจิทัลวอลเล็ตจะเกิดขึ้นจริงไหม เข้ากระเป๋าคนไทยกี่โมง? คุยกับ วิมุต วานิชเจริญธรรม,1
“ไม่ถูกใจ แต่ไม่ผิดหลักการ” ถาม ‘นางแบก’ เรื่องรัฐบาลข้ามขั้ว กับ แขก คำผกา,1
ทำงานแทบตายก็แพ้เด็กเส้น เมื่อระบบ กอส.ทำลายกำลังใจตำรวจชั้นประทวน,1
“ไม่ได้หวังแค่ความงาม แต่ต้องการเป็นตัวเอง” เมื่อ ‘การข้ามเพศ’ ควรเป็นรัฐสวัสดิการ,1
จากประธานสภาถึงประธานสภา ถอดความคิดวันมูหะมัดนอร์ มะทา ผู้มีส่วนร่างรัฐธรรมนูญ 40,0
ทำไมต้องนักการเมืองหญิง? การเมืองเรื่องอัตลักษณ์กับปัญหาความหลากหลายในโลกการเมือง,1
งานกลุ่มไหนๆ ก็มี ‘อีนั่น’ เสมอ ว่าด้วยคน toxic ที่ไม่มีใครอยากเจอเมื่อทำงานกลุ่ม,1
รู้จัก ‘เซีย จำปาทอง’ แรงงานธรรมดาผู้หวังเปลี่ยนประเทศเป็นรัฐสวัสดิการ,0
“เรามีหน้าที่พิทักษ์สิทธิเสรีภาพของประชาชน” ชวนดูกรณีศึกษาจากศาลรัฐธรรมนูญเกาหลีใต้,1
ตรวจการบ้านดูความคืบหน้านโยบายที่ ‘พรรคร่วมรัฐบาล’ เคยหาเสียงไว้ มีอะไรสำเร็จแล้วบ้าง?,1
เจ็บอก แสบคอ หายใจลำบาก ฟังเสียงคนหลากอาชีพที่ทำงานกลางฝุ่น PM 2.5,1
ครบรอบ 1 ปี รัสเซียบุกยูเครน: สงครามที่ยังไม่สิ้นสุด กับความสูญเสียที่กระทบคนทั้งโลก,1
ของขวัญส่งท้ายปีจากรัฐบาล เรื่องน่าลุ้นที่ต้องจับตามอง,0
‘โดนัทยังมีรู เมื่อไหร่ยูจะจริงใจ’ ทำไมนักการเมืองชอบกลับคำ?,1
เมื่อคนดีปกครอง บ้านเมืองจึงลงแดง: สรุป 8 ประเด็นจากงานเสวนา ‘ให้คนดีปกครองบ้านเมือง’,1
ดูคำวินิจฉัยส่วนตนของตุลาการ ศาล รธน. ในคดีการเมืองสำคัญๆ นับแต่เลือกตั้งปี 2562,0
8 ปีเอง เร็วปุยมุ้ย ว่าด้วยที่มาและทำไมนายกฯ ‘ควรพอ’ หลังครบ​ 2 วาระ,1
เมื่อสหรัฐฯ กลับมามองอาเซียน: ส่องยุทธศาสตร์อินโด-แปซิฟิก และบทบาทของสหรัฐฯ ยุคไบเดน,0
‘ชีวิตติด EM’ ในวันที่อิสรภาพแลกมาด้วยเครื่องพันธนาการ คุยกับ ลูกเกด ชลธิชา แจ้งเร็ว,1
เมื่อความยากจน ถูกส่งต่อจากคนรุ่นพ่อแม่ คุยเรื่อง ‘มรดกหนี้ชาวนา’ กับนักเศรษฐศาสตร์,1
ส่องการเลือกตั้งเกาหลีใต้ เมื่อกระแสต่อต้านเฟมินิสต์บนเวทีการเมืองกำลังถูกจับตา,0
หยุดอาชญากรรมทำโดย จทน.รัฐ สำรวจ ‘ร่าง พ.ร.บ.ป้องกันทรมาน-อุ้มหาย’ ฉบับล่าสุด,0
การค้ามนุษย์ดำเนินอยู่ และไทยยังถูกใช้เป็นทางผ่าน ฮะยี อิสมาอิล จากเครือข่ายสันติภาพโรฮิงญาในไทย,1
พ.ร.บ.สุราก้าวหน้า จะไปถึงฝันไหม? ปลดล็อกแล้ว ประชาชนจะทำอะไรได้บ้าง,1
จาก ‘ระบอบที่(ก็ยัง)ตั้งชื่อไม่ได้’ และการมูฟออนที่ไม่เป็นวงกลม : วรเจตน์ ภาคีรัตน์,1
ครบ 1 ปี รัฐประหารเมียนมา เกิดเหตุการณ์สำคัญอะไรขึ้นบ้างหลังกองทัพยึดอำนาจรัฐบาลพลเรือน,0
เช็กจำนวน ส.ส. ในสภา หลังธรรมนัสและ 20 ส.ส. ออกจากพลังประชารัฐ,0
ส่งเสาไฟฟ้าลงก็ชนะ? ทำไมคนใต้ถึงรักประชาธิปัตย์อย่างมั่นคง คุยกับ 2 นักรัฐศาสตร์,1
ผลเลือกตั้งซ่อมสงขลา-ชุมพรไม่เป็นทางการ ปชป. เบียด พปชร. คว้าชัยทั้งสองเขต,0
โปรดระวัง! บัญชีทวิตเตอร์ของกรมสรรพากรถูกแฮก พร้อมโพสต์เชิญชวนให้มาร่วมเล่น NFT ด้วยกัน,0
ทำงานทั้งวันได้หมูแค่หนึ่งโล คุยเรื่องปรากฎการณ์แพงทั้งแผ่นดิน กับ เดชรัต สุขกำเนิด,1
เพื่อไทย กับเป้าหมายแลนสไลด์ คุยกับ ชลน่าน ศรีแก้ว หัวหน้าพรรคคนใหม่ ถึงการรีแบรนด์พรรค,0
ถ้าไฟแดงนานกว่านี้ แล้วหนูจะจนน้อยลงบ้างไหม สี่แยกและเด็กน้อยภาพสะท้อนความจนของสังคมไทย,1
อีสานบ้านเฮา ถิ่นประชาธิปไตย คุยเรื่องขบวนประชาธิปไตยในอีสาน กับครูใหญ่ พรรคก้าวล่วง,0
หรือเผด็จการไม่ดูหนังโป๊ ? คุยเรื่องการปิดกั้นสื่อโป๊กับ จอมพล พิทักษ์สันตโยธิน,1
กองทุนราษฎรประสงค์: ถ้าประเทศเป็นประชาธิปไตย การประกันตัวจะเป็นสิทธิ เงินประกันจะเป็นสวัสดิการ,1
สนธิ-ปานเทพ บุกทำเนียบฯ จี้รัฐบาลเคลียร์ “MOU44” ลั่น! หากนิ่งพร้อมลงถนน,1
นายกฯ อิ๊งค์ อวยพรปีใหม่ขอให้มีความสุข สดใส เบิกบาน,0
ซี๊ด! สื่อทำเนียบฯ ตั้งฉายารัฐบาล ปี 67 “รัฐบาล(พ่อ)เลี้ยง” – “แพทองโพย” ฉายานายกฯ,1
ศาลรัฐธรรมนูญ ตีตก ปม“นายกฯ” เปลี่ยนเกณฑ์แจกเงินหมื่น,0
ไทยจับมือมาเลเซีย ร่วมมือแก้ 5 ปัญหาใหญ่ พร้อมหนุนการค้า-ชายแดนไทยมาเลฯ,0
นายกฯอิ๊งค์แถลงผลงาน 90 วัน เปิด 5 นโยบายลุยปี’68,0
สวนดุสิตโพล ชี้คนไทย 50.66% โหวต “อุ๊งอิ๊ง” เบอร์ 1 นักการเมืองเด่น,0
"ครม.เยียวยาพื้นที่น้ำท่วมใต้ ครัวเรือนละ 9,000 บาท",0
อดีต สว.วันชัย โพสต์แนะ นายกอิ๊งค์ ปรับปรุง 3 เรื่องส่วนตัว หวั่นเป็นน้ำผึ้งหยดเดียว,1
“กูเกิ้ล” หอบเงิน 3.5 หมื่นล้านบาท ลงทุนในไทย 5 ปี,0
นายกฯอุ๊งอิ๊ง ถือฤกษ์ 13 ก.ย. เข้าทำเนียบสักการะสิ่งศักดิ์สิทธิ์,0
จะจ่ายแพงทำไม? แบรนด์ดัง โพสต์ขาย “ถาดหลุม” คุณภาพฟู้ดเกรด คำนวณราคาให้ ทบ. ประหยัดงบถึง 1.6 ล้าน,1
พปชร. โหวต “บิ๊กป้อม” คัมแบ็คนั่งหัวหน้าพรรคเหมือนเดิม,0
ด่วน! โปรดเกล้าฯ ครม.แพทองธาร 1 พร้อมรัฐมนตรี 35 คนแล้ว,0
เช็กชื่อโผ ครม.แพทองธาร 1 ล่าสุด ก่อนยื่นทูลเกล้าฯ ชาดาส่งลูกสาวนั่งแทน,0
หวานเจี๊ยบ! มติ ปชป. ร่วมรัฐบาล พท. จองเก้าอี้ รมว. – รมช.,1
“เพื่อไทย” ส่งหนังสือเชิญ “ประชาธิปัตย์” ร่วมรัฐบาล,0
กกต. ไม่รับรอง “ชาญ พวงเพ็ชร์” สั่งเลือกตั้งนายกอบจ.ปทุมฯ ใหม่,0
สมชัย เตือน เพื่อไทย รับชื่อ รมต. ไม่ผ่านมติพรรค เสี่ยงผิดทั้งผู้ยื่น-รับ,1
นายกฯอุ๊งอิ๊ง แพทองธาร ขอโทษชาวแพร่ลงพื้นที่น้ำท่วมไม่ได้,0
“อุ๊งอิ๊ง” โพสต์ ติดตามข่าวน้ำท่วมตลอด ห่วง-กังวลใจ แม้ยังทำหน้าที่นายกฯไม่ได้,0
พปชร. แถลง 4 ชื่อ รมว. ใน ครม.อุ๊งอิ๊ง ยังเหมือนเดิม,0
วันนอร์ เผย นำชื่อ “อุ๊งอิ๊ง” ขึ้นทูลเกล้าฯ เป็นนายกฯ แล้ว,0
“ปิยบุตร” โพสต์ถาม เรายอมให้การบริหารรัฐ เป็นเรื่องของครอบครัว ตระกูล ได้หรือ?,1
พรรคเพื่อไทย ส่ง “อุ๊งอิ๊ง-แพทองธาร” ชิงนายกฯ คนที่ 31,0
เศรษฐา แถลงด่วน! หลังศาล รธน.สั่งพ้นตำแหน่งนายกรัฐมนตรี,0
“เศรษฐา” รับกังวลคำตัดสินศาล 14 ส.ค.นี้ ลั่นน้อมรับคำตัดสิน,0
ก้าวไกล แถลงด่วน เตรียมย้ายบ้านใหม่ 9 ส.ค. นี้,0
“ชัยธวัช-ปดิพัทธ์” กล่าวอำลาสภาฯ หลังศาล รธน. สั่งยุบพรรคก้าวไกล,0
ด่วน มติศาลรัฐธรรมนูญ มีคำสั่ง “ยุบพรรคก้าวไกล” ตัดสิทธิกรรมการบริหารพรรคชุดที่ 1 และ 2,0
โปรดเกล้าฯ “มงคล” เป็นประธานวุฒิสภา “พล.อ.เกรียงไกร-บุญส่ง” เป็นรองประธาน,0
5 เดือนแรกปี 67 ต่างชาติปักหมุดลงทุนไทยพุ่ง 58% นำเงินเข้า 7.1 หมื่นล้านบาท,0
เกาะล้านบูม! นักเที่ยวบุกเดือนละ 5 แสน ปั้น “พัทยา” จัดคอนเสิร์ตระดับโลก,0
พ.ร.บ.งบฯ68 ฉลุย! สภาฯมีมติ 311 ต่อ 175 เสียง “รับหลักการ”,0
รอดนอนคุก! ศาลให้ประกัน “ทักษิณ” 5 เเสน ห้ามออกนอกประเทศ,1
ศาล รธน. นัดพิจารณา คดีถอดถอนนายกฯ 18 มิ.ย.67,0
จับตาพรุ่งนี้ ศาล รธน. ชี้ชะตาตัดสินยุบไม่ยุบพรรคก้าวไกล,0
ครม.เห็นชอบให้การไหว้เป็นเอกลักษณ์ประจำชาติ ประเภทการทักทาย-แสดงความเคารพ,0
“เศรษฐา” ดัน เชียงใหม่ เมืองแห่งความสร้างสรรค์ระดับโลก,0
ศาล รธน.นัดพิจารณา คดียุบก้าวไกล 12 มิ.ย.นี้,0
ทักษิณ โว รู้หมดใครอยู่เบื้องหลัง 40 สว. ปมร้องศาลสอบ นายกฯ,1
"กกต. เผยยอดสมัคร สว. 5 วัน รวม 48,117 คน ได้ สว.ชุดใหม่ ก.ค.67",0
ศาลรัฐธรรมนูญ มีมติ 5 ต่อ 4 ไม่สั่งหยุดปฏิบัติหน้าที่ นายกฯเศรษฐา,0
“พิชิต ชื่นบาน” รมต.สำนักนายกรัฐมนตรี ยื่นใบลาออกแล้ว,0
ปิดตำนานข้าวเน่า ภูมิธรรม ยัน ข้าวเก่า 10 ปี หุงกินได้,1
ศิริกัญญา มองจุดวัดใจเพื่อไทย ปลดผู้ว่า ธปท.-โอนหนี้ให้แบงค์ชาติ,1
เศรษฐา-ภูมิธรรม โดดป้อง อุ๊งอิ๊ง ปมวิจารณ์ ธปท. ขวางแก้เศรษฐกิจ,1
โปรดเกล้าฯ “มาริษ เสงี่ยมพงษ์” เป็น รมว.ต่างประเทศ ครม.เศรษฐา 2,0
โปรดเกล้าฯ ครม.เศรษฐา 2 “สมศักดิ์” นั่ง สธ.แทน “ชลน่าน”,0
ครม.เคาะไทม์ไลน์เลือก สว.ชุดใหม่ รับสมัคร 13 พ.ค.67-ประกาศผล 2 ก.ค.67,0
เปิดโผ ครม.เศรษฐา 2 นายกฯ นั่ง กลาโหม สุทิน-ชลน่าน หลุดเก้าอี้,1
ศาลรัฐธรรมนูญ ขยายเวลา ก้าวไกล ชี้แจงคดียุบพรรค ไปอีก 15 วัน,0
การเมืองร้อนระอุ ลุ้นรัฐบาลยกเครื่องใหม่ ปรับ ครม.หลังสงกรานต์,1
“เศรษฐา” ผิดหวัง! อภิปรายมีแต่น้ำ ยันกองทัพมีไว้เพื่อความมั่นคงของประเทศ,1
นายกฯ ย้ำ รัฐบาลเดินหน้าทุกนโยบาย ขอฝ่ายค้านอย่าเป็นแมงหวี่ เล่นแต่การเมือง,1
นายกฯ ยัน 6 เดือนทำงานด้วยความโปร่งใส,0
ศาล รธน. มีคำสั่ง รับคำร้อง กกต. ยื่นยุบพรรคก้าวไกล,0
“จุรินทร์” ซัดรัฐบาล “คุกทิพย์โมเดล” ด้าน “พ.ต.อ.ทวี” แจงยิบ,1
นายกฯ ยุติปัญหาที่ดินทับซ้อน สั่งห้ามใช้พื้นที่กันชนออก ส.ป.ก.,0
นายกฯ ชี้! พระราม 2 ทำคนไม่เที่ยวหัวหิน จี้! ก.คมนาคม แก้ปัญหาก่อนสงกรานต์,1
“เศรษฐา” มั่นใจ 6 เดือน รัฐบาลเริ่มผลิดอกออกผลเห็นความสำเร็จ,0
“ชาดา” ฟาด “โรม” กลางสภา ซัดอย่ามาทำมือถือสากปากถือศีล,1
ชัดเจน! ศาลรัฐธรรมนูญ สั่ง “ก้าวไกล” ห้ามใช้การแก้ ม.112 หาเสียง,0
ศรีสุวรรณ เกม! ถูกรวบคาบ้าน หลังเรียกเงิน แลกการไม่ร้องเรียน อธิบดีกรมดัง,1
ลุยงานต่อ! “พิธา” เตรียมแถลงแผนงานประจำปี “ก้าวไกล” 26 ม.ค.นี้,0
เปิดชื่อ 9 ตุลาการศาลรัฐธรรมนูญ มีมติ 8 ต่อ 1 เสียง ให้ ‘พิธา’ ไม่หลุด สส.,0
‘เพลง ชนม์ทิดา’ ขยับนั่ง สส.ภูมิใจไทย หลัง ‘ศักดิ์สยาม’ ลาออก,0
‘สภาลวงละคร’ ฉายาสภา 66 ไร้คนดี-ดาวเด่น มีแต่ดาวดับ,1
เปิดฉายาปี 66 จี๊ดใจ! รัฐบาลเศรษฐา ได้ ‘แกงส้มผลักรวม’,1
ประชาธิปัตย์ ประกาศ “เลิกจำศีล” ถึงเวลาเรียกศรัทธาคืน,1
โปรดเกล้าฯ ชัยธวัช ตุลาธน ผู้นำฝ่ายค้าน เตรียมจัดพิธี 20 ธ.ค. นี้,0
สอบตก! ‘สว.วันชัย’ ให้คะแนนผลงาน 90 วันรัฐบาล แค่ 4 เต็ม 10 คะแนน,1
เปิดเกณฑ์ ขังนักโทษนอกเรือนจำ ระเบียบใหม่ ‘กรมราชทัณฑ์’ มีผลใช้แล้ว,0
อานนท์' ขึ้นศาลเชียงใหม่สู้คดีปราศรัยวิจารณ์การขยายพระราชอำนาจ,0
ข้ออ้างเลื่อนลอยเรื่องป้องกันการฟอกเงินในร่างกฎหมายสมาคมและมูลนิธิ,1
‘จริยเศรษฐศาสตร์’ กับการโก่งราคาในยามภัยพิบัติ,1
วิสุทธิ์' เชื่อรัฐสภาพิจารณาร่างแก้ รธน.เรื่อง สสร. ระหว่างพัก พ.ร.บ.ประชามติ 180 วันไม่ได้,0
ผลนับคะแนนไม่เป็นทางการ 'กานต์ กัลป์ตินันท์' ชนะเลือกตั้งนายก อบจ.อุบลราชธานี,0
ผลนับคะแนนไม่เป็นทางการ 'ชัยศิริ ศุภรักษ์จินดา' ชนะเลือกตั้งนายก อบจ.อุตรดิตถ์,0
องค์กรระหว่างประเทศชี้ร่าง กม. NGO ไทย ส่อแทรกแซง-ปิดกั้นเสรีภาพ,1
นิด้าโพลเผยคนไทยเหนื่อยหน่ายเศรษฐกิจมากสุด พ่วงภัยไซเบอร์-การเมือง กระทบความสุขปี 67,1
เสนอปรับโครงสร้างใหม่ แยก 'ก.กีฬา' ออกมา แล้วจับคู่ใหม่ 'ก.ท่องเที่ยว-วัฒนธรรม',0
กกต.ประกาศให้มีการเลือกตั้ง อบจ. สมัคร 23-27 ธ.ค. 67 เลือกตั้ง 1 ก.พ. 68,0
"""คงเหน็บหนาวเงียบเหงาลำพัง"" การแสดงประกอบการอ่าน จม. ผู้ต้องขังทางการเมือง",1
กมธ. ความมั่นคง' จี้รัฐบาล ช่วย 4 ลูกเรือประมงไทยในพม่า กลับประเทศก่อนปีใหม่,0
"โครงการบัตรคนจน: มุ่งเป้าจึง ""ตกหล่น"" และ ""รั่วไหล""",1
นักปรัชญาชายขอบ: ถ้า ‘เราคืออานนท์’ สังคมไทยจะเป็นอย่างไร,1
ศาล รธน. มีมติเอกฉันท์ไม่รับคำร้องเปลี่ยนแปลงแนวทางแจกเงินดิจิทัลวอลเล็ต,0
พรรคประชาชนยื่นร่าง พ.ร.บ.คุ้มครองแรงงาน 3 ฉบับ,0
สว. 153 เสียง ผ่านร่าง พ.ร.บ.ประชามติ ฉบับ กมธ.ร่วมฯ ยึดเสียงข้างมากสองชั้น,0
‘อันวาร์’ เตรียมตั้ง ‘ทักษิณ’ ที่ปรึกษาส่วนตัวประธานอาเซียนในปีหน้า,0
ประธานวิปรัฐบาล ยืนยันสภาฯ ยังเห็นชอบเสียงข้างมากชั้นเดียวตามหลักการเดิม,0
DSI เตรียมสรุปคดีดิไอคอน 20 ธ.ค.พร้อมส่งสำนวนอัยการ 23 ธ.ค.นี้,0
เผย 'ประวิตร' ไม่ร่วมดินเนอร์ฝ่ายค้าน 18 ธ.ค. นี้,0
ประชุมผู้นำไทยมาเลเซีย 'แพทองธาร-อันวาร์ อิบราฮิม' ร่วมกันยืนยันศักยภาพความร่วมมือ,0
แพทองธาร' ติดอันดับ 29 'สตรีทรงอิทธิพล' ของนิตยสาร Forbes,0
อัครเดช' คะแนนขาดลอย คว้าเก้าอี้นายก อบจ.เพชรบูรณ์ สมัยที่ 7,0
ผลไม่เป็นทางการ: 'อัจรา' คว้าชัยเลือกตั้งนายก อบจ.ตาก ปี'67,0
ธำรงศักดิ์โพล' ชี้คนส่วนใหญ่ 44.83% มอง สว.เป็นอุปสรรคสร้างประชาธิปไตย,1
เปิดรับฟังความคิดเห็นต่อร่าง กม. คงตำแหน่ง 'กำนัน-ผู้ใหญ่บ้าน' ในเขตเทศบาล,0
ลาวเร่งปราบแก๊งคอลเซ็นเตอร์ที่สามเหลี่ยมทองคำ,0
ปชน.คอมเมนต์แถลงผลงาน รบ. 90 วัน ยังไม่ผ่าน ฝากมาตอบกระทู้ ไม่ดองร่าง กม.,1
90 วันแถลงผลงาน รัฐบาล ‘แพทองธาร’ ปี'68 ดัน 5 นโยบายยกระดับคุณภาพชีวิต,0
โรม' เสนอตั้งคณะทำงาน สอบ กฟภ.จ่ายไฟเข้าท่าขี้เหล็ก หวั่นถูกใช้ผลิตยาเสพติด,0
ประยุทธ์' สส.เพื่อไทย ถอนร่าง พ.ร.บ.กลาโหม 'สกัดรัฐประหาร' เพื่อมาแก้ไข,1
เครือข่ายนิรโทษฯ ค้างรัฐสภาจัดงาน 'เปิดสภาตามหา นิรโทษกรรม 112',0
หัวหน้าพรรครัฐบาลเรียกร้องสมาชิกสนับสนุนถอดถอน ปธน.ยุน ซอก-ยอล,0
ทักษิณช่วยหาเสียง อบจ.อุบล อ้อนขั้นต่อไปคืน สส.ให้เพื่อไทย,1
ศาลรัฐธรรมนูญสั่ง 'สว.สมชาย' หยุดปฏิบัติหน้าที่,0
ศาลฎีกายกคำร้อง ขอประกันตัว 'ทิวากร' คดี ม.112 เสื้อเราหมดศรัทธา,0
ศาลพิพากษายืนยกฟ้อง ‘ศิระพัทธ์’ ม.112 คดีปลดรูป ร.10 หน้าหมู่บ้าน,0
หลายพรรคค้าน ร่าง พ.ร.บ.จัดระเบียบราชการกระทรวงกลาโหม,0
กกต. เผย 'เพื่อไทย' แชมป์คำร้องยุบพรรค 53 คำร้อง แต่สั่งยุติเหลือ 6 คดี,1
นิกร จำนง' แนะแก้ รธน.ร่างเดียว ม. 256 ตั้ง สสร. เชื่อมีโอกาสทำได้ทันสมัยรัฐสภานี้,0
10 ทุจริตจัดซื้อจัดจ้าง' ในองค์การบริหารส่วนจังหวัด (อบจ.) รอบ 20 ปี,1
‘ไอดา อรุณวงศ์’ เบื้องหลังยัง(ต้อง)ไปต่อ กองทุนราษฎรประสงค์ในวันกระแสต่ำ,1
‘รองโฆษกรัฐบาล’ เตือนภาคใต้ฝนหนักอีกระลอก ช่วง 26-28 ธ.ค.นี้,0
‘รัฐสภา’ ไฟเขียวรับหลักการร่างพ.ร.ป.ปราบโกง 2ฉบับ ได้ฤกษ์ถกแก้ รธน.14-15ม.ค.68,0
“สส.ภท.” ลุกแจง จุดยืนหนุนเกณฑ์ผ่านประชามติ เสียงข้างมาก 2 ชั้น,0
กสม.พบ ผบ.ทร.ถกส่งเสริมสิทธิมนุษยชนและการป้องกันการทรมาน จับมือขับเคลื่อนให้เกิดผล,0
“อดิศร” เปิดหน้าซัดพรรคร่วมถ่วง ปชต.ขวางแก้ รธน.ฉะงดออกเสียงแก้ พ.ร.บ.ประชามติ หวังเตะถ่วง,1
ศปช.เผยใต้ฝนเริ่มซา “บิ๊กอ้วน” สั่งส่วนหน้าตรึงกำลังต่อเนื่อง ช่วยนครศรีฯ-สุราษฎร์ จนกว่าจะคลี่คลาย,0
“อิ๊งค์” เปิดซอฟต์พาวเวอร์อาหาร หวังแพร่วัฒนธรรมตั้งเป้าศูนย์กลางอาหารโลก เชื่อสร้างงานคนไทย,0
“พีระพันธุ์” ลงพื้นที่ 3 จังหวัดภาคใต้ ติดตามสถานการณ์น้ำท่วมใกล้ชิด เร่งฟื้นฟูสภาพความเป็นอยู่ประชาชน,0
"“ธรรมนัส”"" ถาม​เดี๋ยวนี้ตกต่ำถึง​ขั้นไปคุมรีสอร์ต หลังโดนอ้างชื่อ เผยโทร.เคลียร์เองแล้ว ยอมรับภาพลักษณ์ในอดีตลบไม่ได้",1
”อัจฉริยะ” ร้อง กมธ.ตรวจสอบ ตร.- อัยการ ส่อทุจริตสำนวน ”คดีแตงโม” เชื่อยังมีโอกาสฟื้นคดีคืนความเป็นธรรม,0
“ธรรมนัส” แถลงเข้าพรรค “กล้าธรรม” เป็นทางการ เผยมี สส.ในมืออีกกว่า 30 คน รอวันเปิดตัว ปัดดีล “ลุงป้อม” ก่อนแยกทาง,1
“ชนนพัฒฐ์” เผย “กล้าธรรม” ตั้งเป้าปักธงพื้นที่ภาคใต้เพิ่ม ลั่น มีขุนพลจาก “สุราษฎร์ฯ-ตรัง” ในมือ พร้อมสู้ศึกเลือกตั้งสมัยหน้า,0
“นฤมล” เปิดสัมมนา “ปลดล็อกเกษตรไทย” เร่งพัฒนาปัจจัยพื้นฐานสร้างความมั่นใจให้ผู้บริโภคทั้งในและต่างประเทศ,0
“กล้าธรรม” ขนทัพ สส.ประชุมสภา ยิ้มแย้ม “ธรรมนัส” หันป้ายพรรคโชว์สื่อ,0
“ชัชวาล” ตั้งกระทู้จี้รัฐบาลแก้ปัญหาน้ำท่วม น้ำแล้ง ลุ่มน้ำเสียวใหญ่ ทุ่งกุลาร้องไห้ วอนฟังเสียงประชาชนด้วยความจริงใจ,1
สภาโหวต 326 เสียง ยึดหลักการเดิมเกณฑ์แก้ รธน.ใช้เสียงข้างมากชั้นเดียว,0
อิ๊งค์' ลางาน 1 วัน ก่อนหยุดยาวปีใหม่ ใช้เวลาพักผ่อนกับครอบครัว,0
สส.ปชน.' จับตา 'ทักษิณ-อันวาร์' พบกันกลางทะเลในที่แปลกๆ น่าสนใจคุยอะไรกัน,1
ปธ.'รูทีนตีนตุ๊กแก' ลั่นตำแหน่งนี้ สส. เลือกมา นิติบัญญัติ-บริหารต้องแยกกัน,1
ดาวดับ-ธิษะณา' น้อมรับทุกความเห็น เพื่อนำไปปรับปรุงการทำงานและการครองตน,0
ประธานสว.ขอบคุณสื่อมอบฉายา ’ล็อกมง‘ ยันตั้งใจทำงานเหมือนเดิม,0
สส.ปชน. ถามมาตรการปราบแก๊งคอลเซ็นเตอร์ ข้องใจ 'ทักษิณ' บอกจะช่วยจัดการ,1
นายกฯ เลี่ยงตอบปม 'แบงก์ชาติ' ติงแจกเงินหมื่นเฟส 3,0
เท้งเต้ง' เมินกระแสนิยมไม่เปรี้ยง ขอพิสูจน์ตัวเองปีหน้า เลือกตั้งอบจ.-ซักฟอกรัฐบาล,1
บัญญัติ' รับได้ฉายา 'ประชาธิเป๋' บอกอีกสักพักก็แข็งแรงเดินตรงมากขึ้น,1
สภาเดือด! ถกปัญหาลงทะเบียนแรงงานเมียนมา,0
นายกฯ อิ๊งค์บอกตำรวจอยากดูแล ปท.แบบคนรุ่นใหม่มีอะไรคุยกันได้,0
เท้งเต้ง' เซ็ง 'แพทองโพย' เบี้ยวกระทู้สดชงสภาแก้ข้อบังคับการประชุม,1
สถิตย์' ขอตั้งหลักรอหนังสือทางการเรื่อง 'กิตติรัตน์',0
วันนอร์' ลุยถกแก้รธน. 14-15 ม.ค. ถือเป็นข่าวดีปีใหม่ หวังทันเลือกตั้งปี 70,0
วังบางขุนพรหม' ฝุ่นตลบ! อีกหนึ่งตัวเต็งส่อวืดเสียบแทน 'กิตติรัตน์' นั่งปธ.บอร์ดแบงก์ชาติ,1
แม้ว' ไล่อัดพรรคปชน. เช้ายันเย็น ฝากถึงขาประจำระวังไว้ ไม่ได้ขู่เช็กบิลแต่เอาจริง,1
อิ๊งค์' เปิดตัว 9 ผู้สมัครนายก อบจ. ดีเอ็นเอเพื่อไทยชัด นามสกุลเดียวกับ สส.เพียบ,1
ทักษิณ' พล่ามหนัก! หลังรัฐประหารเอาคนง่าวมาบริหารประเทศจนเฮงซวย,1
ครม. เคาะแต่งตั้ง '26 พ่อเมือง-7 ผู้ตรวจฯ' มท.จัดแถวสิงห์ล็อตใหญ่,0
หัวหน้าเท้ง' สวนกลับ 'ทักษิณ' เร่งเครื่องเต็มสูบ ไม่ช่วยเพื่อไทยเหนือกว่า ปชน.,1
เลขาฯกฤษฎีกา ชิ่งตอบสื่อ ปม 'กิตติรัตน์' ไม่ผ่านคุณสมบัตินั่งประธานบอร์ดแบงก์ชาติ,1
กิตติรัตน์' เคลื่อนไหว! หลังไม่ผ่านคุณสมบัตินั่งประธานบอร์ดแบงก์ชาติ,0
พ่อนายกฯ ลั่นพรรคร่วมรัฐบาลต้องอยู่ด้วยกันจนครบเทอม,1
ทักษิณ' ชี้เลือกตั้งอบจ.เชียงใหม่ ต้องปราศรัยแบบดุดัน ให้เห็นเพื่อไทยเหนือกว่า ปชน.,1
ทักษิณ' ซาบซึ้งในพระมหากรุณาธิคุณในหลวง ถือเป็นสิ่งยิ่งใหญ่ที่สุดในชีวิต,0
เลขาฯกกต.สั่งสอบคลิปเสียงเตรียมเงิน 20 ล้านเลือกตั้งท้องถิ่นปราจีนบุรี,0
มท.1' ชงครม.แต่งตั้งโยกย้ายผจว. หลายตำแหน่ง ยันไม่มีการเมืองล้วงลูก,1
มาดามโพย' เผย 'โต้ง' ตกเก้าอี้ ว่าไปตามกระบวนการ,1
อนุทิน' วอนให้ทุกฝ่ายเงียบ! รอคำสั่งศาลปกครองปมเขากระโดง,1
พิชัย' เซ็ง! รอความเห็นกฤษฎีกา 'กิตติรัตน์' ไม่ผ่าน ต้องเร่งสรรหาชื่อสำรอง,0
เล่น 'ภูมิใจขวาง' ซะแล้ว! 'สุริยะ' ยันมีหลักฐาน เขากระโดง 5 พันไร่เป็นที่รถไฟ,1
ทวีไอพี สอดไส้' ยิ้มรับฉายาใหม่! แก้ข่าว 'ทักษิณ' แข็งแรงไม่เหมือนผู้ป่วย ภายนอกอาจใช่ แต่ภายในอาจป่วย,1
โลกอย่าเพิ่งลืม ‘นภินทร’ ร่อนข่าวโชว์ผลงานเด่นปี 67,1
ทักษิณ' ปราศรัยเดือด ไม่ทนพวกเห่าหอน ซัดมาซัดกลับ เหน็บพรรคส้มขี้โม้,1
เต้น' ปราศรัยเชียงใหม่ ขออย่าเปลี่ยนใจ ถามเลือกตั้ง สส. ทำไมเพื่อไทยได้แค่ 2 คน,1
วิสุทธิ์' บอกถ้าเป็นฝ่ายค้านก็ทำ ตั้งกระทู้ถามนายกฯ หากไม่มาตอบก็จะได้ตำหนิ,1
ทักษิณ' อวย 'แพทองธาร' เก่งกว่าตัวเองสมัยเริ่มต้น ปัดเขียนสคริปต์ให้,1
ทักษิณ' เกทับ! เลือกตั้งครั้งหน้า กวาด สส.เชียงใหม่ ครบ 10 ที่นั่ง,1
ทักษิณ' รอยืนยันพบ 'อันวาร์' ที่ไทย คุยยุทธศาสตร์ร่วมทำอาเซียนแข็งแรง,0
ทักษิณ' แจงไปตีกอล์ฟ ไม่มีอะไรต้องเคลียร์ 'อนุทิน' เป็นเรื่องธรรมดาลิ้นกับฟัน,1
สภาสูง ยั๊วะ รัฐบาล ข้ามหัว เทตอบ 5 กระทู้ ‘ยุคล’ ตั้งฉายา ‘นายกฯนินจา’ หนีสภา,1
ทักษิณ' ถึงเชียงใหม่ ช่วยหาเสียงนายก อบจ. 'สว.ก๊อง' คึกมั่นใจชนะล้านเปอร์เซ็นต์,1
‘กกต.’ ไม่หวั่นการเมืองหนุนผู้สมัคร อบจ. ชี้ทำบรรยากาศเข้มข้น ไร้สัญญาณรุนแรง,0
อนุทิน' ขอบคุณสื่อตั้งฉายา ภูมิใจทำประโยชน์บ้านเมือง ปัดขวางใคร อุ้ม 2 รมต.โลกลืม,1
‘แพทองธาร’ ยันพรรคร่วมไร้ปัญหา หลังภาพ 'ทักษิณ-อนุทิน' ออกรอบตีกอล์ฟด้วยกัน,0
หัวหน้าปชน.' โต้ กกต. ฟัน สส.ชลบุรี ข้อหาเล็กน้อย สั่งทีม กม. สู้คดี,1
เท้ง' ลุ้น! ฉายาผู้นำฝ่ายค้าน เมินตอบ 'รัฐบาลพ่อเลี้ยง-แพทองโพย',1
‘หัวหน้าอิ๊งค์’ เตรียมเปิดตัว ผู้สมัคร นายก อบจ. 6 จังหวัด ในนาม ‘พท.’ 24 ธ.ค.นี้,0
"สรุปผลเลือกตั้ง นายก อบจ.อุบลราชธานี ‘กานต์’ ผงาด 387,456 คะแนน",0
‘สส.ชวาล’ ลั่นยินดีพิสูจน์ตัวเอง หลัง กกต.สั่งฟันคดีอาญา ยื่นบัญชีเลือกตั้งไม่ตรงความจริง,0
ปชน.' ผู้แพ้อีกสนาม เดินหน้าการเมืองตรงไปตรงมา,1
กกต.ฟันอาญา สส.พรรคส้ม ยื่นบัญชีใช้จ่ายเลือกตั้งไม่ตรงจริง,0
ทวียก 'ทักษิณ' นั่งที่ปรึกษาอันวาร์ ผลดีงานแนวชายแดนใต้,0
‘พท.’ เปิดตัว ‘สลักจฤฎดิ์’ ลง นายก อบจ.เชียงราย โชว์เปิดวิดีโอ ‘ทักษิณ’ หนุนเต็มที่,1
โบว์แดง 'รทสช.' ผสานกำลัง 2 กระทรวงปลดล็อก 'โซลาร์รูฟท็อป',0
พรรคส้มดาวกระจาย สู้ศึกอบจ. ‘พิธา’ ชน ‘ทักษิณ’ ตรง ‘ประตูท่าแพ-ตลาดวโรรส’ จันทร์นี้,1
พรุ่งนี้ผ่านฉลุย รับสมัครเลือกตั้งอบจ.ทั่วประเทศ,0
คึกคัก! ชิง นายก อบจ.อุตรดิตถ์ ผู้ว่าฯมั่นใจมีผู้ใช้สิทธิไม่ต่ำกว่า70% คาด 5 ทุ่มรู้ผล,0
ระอุ สนามอบจ.อุบลฯ เร่งสอบร้องเรียน 3 เรื่อง,1
ข่าวดี มท.รับรอง บัตรปชช. แอปฯ ThaID ใช้เช็กอินแทนบัตรจริงแล้ว,0
‘พิชัย’ บรรยายที่ ม.โตเกียว คุย ปชต.ไทยมั่นคง ชี้มีบทเรียนรัฐประหาร10 ปี,0
เข้าใจตรงกันนะ 'ณัฐวุฒิ' ยืนยัน 'พรรคเพื่อไทย' อยู่คนละก๊กกับ 'พรรคส้ม',1
อิ๊งค์พูด ทักษิณขยายต่อ' ให้ชาวบ้านทำอาชีพขุดดินในคลองไปขาย มีแต่นายทุนได้ประโยชน์,1
หัวหน้าอิ๊งค์' เตรียมแถลงข่าวเปิดตัว 6 ผู้สมัครนายก อบจ.,0
ดร.ณัฏฐ์' ชี้เลือกตั้งอบจ.ระอุ! 'บ้านใหญ่' ยังขลัง-บางแห่งเสื่อมตามกาลเวลา,1
กกต. ประกาศวันรับสมัคร-เลือกตั้ง สมาชิกอบจ.-นายกอบจ.,0
โฆษกรัฐบาล เผยปี 2568 นายกฯอิ๊งค์ จะทำให้ประเทศไทยเจริญทุกตารางนิ้ว!,1
วันชัย' เตือน 6 เดือนจากนี้ หากรัฐบาลอิ๊งค์ไม่มีผลงานโดดเด่น จะอยู่ลำบาก,1
นิพิฏฐ์' แนะแยก 'การเมืองท้องถิ่น' ออกจาก 'การเมืองระดับชาติ',1
ทักษิณ' ขออย่าสนใจ 'อีแอบ' ยันคุยกับ 'ภูมิใจไทย' อยู่ตลอด,1
หอมกลิ่นความเจริญ! 'ทักษิณ' ประกาศปั้น GDP ประเทศไทยให้ถึง 4-5 %,1
รัฐสภารับหลักการ ร่าง 'พ.ร.ป.ปราบทุจริต' สว.เสียงแตก หนุน-ค้าน,1
อิ๊งค์' ลั่นไม่ได้หาเสียง ตีปี๊บแจกเงินหมื่น เฟส 2 ฟื้นกองทุน SML ยุคพ่อใหญ่ทักษิณ,1
สุดารัตน์' ถามนายกฯ เตรียมรับมือเศรษฐกิจปีหน้าหรือยัง ชี้แจกเงินหมื่นไม่ตอบโจทย์,1
ทรงศักดิ์' ซัดพวกน่ารังเกียจใช้การเมืองละเมิดสิทธิประชาชน ปมที่ดินเขากระโดง,1
บิ๊กเล็ก' ยันกองทัพไม่ได้อ่อนแอ รัฐบาลสั่งก็พร้อม ลั่นรบว้าแดงไม่ยาก แต่ผลกระทบเกินเยียวยา,1
นายกฯอิ๊งค์' สุดปลื้ม! คนมหาสารคามแห่ให้กำลังใจ ลั่นสานต่อพ่อ ยันแจกเงินหมื่น 3 รอบ,1
วิชิต' เดือด! ฟ้องอาญา-แพ่ง 'ธนดล' ปมไร่ภูนับดาว,1
ปธ.วันนอร์' เปิดประชุมร่วมสองสภา ถก 'พิธีสาร-กม.ป.ป.ช.',0
‘ณัฐวุฒิ’ ย้ำ ‘เพื่อไทย-พรรคส้ม ’ อยู่ก๊กเดียวกัน ชี้ ภท. ก๊กอนุรักษ์นิยมขวางแก้รธน.,1
นายกฯ บินมหาสารคาม ติดตามแก้น้ำท่วม-แล้ง เปิดงาน 'ออนซอนกลองยาวชาววาปี',1
เลขาฯแพทยสภา เปิดขั้นตอนการพิจารณาคดี 'จริยธรรมของแพทย์',0
ดร.ณัฏฐ์ ชี้ชัด 'ประชามติชั้นเดียว' แค่ยกแรก 'แก้รธน.ทั้งฉบับ' เจอด่านหิน-นโยบายขายฝัน!,1
เอกนัฏ' มั่นใจไม่กระทบเอกภาพรัฐบาล ปมโหวตต่างกฎหมายประชามติ,0
โฆษก รทสช. แจงเหตุ 25 สส. ล่องหนโหวตร่างพรบ.ประชามติ,1
นายกฯอิ๊งค์ บอกไม่เป็นไร พรรคร่วมฯเห็นต่างกฎหมายประชามติ ไม่ใช่ปัญหาใหญ่,0
หัวหน้าเท้ง' อัดนายกฯอิ๊งค์ ชิ่งตอบกระทู้ถามสด ไม่เห็นความสำคัญของสภาฯ,1
สุดาวรรณ' ขอดูหน้างานก่อนว่าจะช่วยแม่หาเสียงชิง อบจ.โคราชหรือไม่,0
ร้อง กกต.เอาผิด 'ทักษิณ' อ้างสถาบันช่วยหาเสียง อบจ.อุบลฯ,0
ประเสริฐ' ขึงขังต้องเคลียร์ภูมิใจไทยโหวตประชามติแต่ไม่รู้ต้องถึงมือ 'ทักษิณ-อิ๊งค์' หรือไม่,1
ประเสริฐ' การันตี 'มาดามหน่อย'ลงชิงเก้าอี้ อบจ.โคราชในนามเพื่อไทย,0
ทวี' ยันเจ้าหน้าที่ราชทัณฑ์ไม่สะท้านปมถูกสอบเอื้อป่วยทิพย์ชั้น14,1
ไม่ให้ราคา กกต.!ชูศักดิ์บอกส่งเอกสารแจงครอบงำพอขู่หลังปีใหม่รู้นักร้องคนไหนโดนเช็กบิล,1
อีกแล้ว! ชูศักดิ์ขายฝันแก้รัฐธรรมนูญมีสิทธิ์เสร็จทันยุคอุ๊งอิ๊ง,1
เด็จพี่' บอกอย่าให้ราคาก๊วนกดดัน ป.ป.ช.สอบป่วยทิพย์ชั้น 14,1
นายกอิ๊งค์ควง 2 รมต.หญิงลง 'ขอนแก่น-มหาสารคาม' ติดตามแก้น้ำท่วม-น้ำแล้ง-ตัดริบบิ้นเปิดงาน,0
ถกประชามติเดือด! เพื่อไทยจวกพรรคร่วมฯตัวถ่วงประชาธิปไตย ภูมิใจไทยสวนกลับอย่ามักง่าย,1
สภาฯ ไฟเขียวกฎหมายอำนาจเรียกของ กมธ. ถกวุ่นเพิ่มโทษค่าปรับเอกชนไม่ร่วมมือ,1
นายกฯ ยิ้มรับถูกถามศาลรธน. ตีตกคำร้องดิจิทัลวอลเล็ต ย้อนถามสื่อต้องหน้าบึ้งเหรอ,1
ประธานกกต. เซ็นมตั้ง 415 ผู้ตรวจการเลือกตั้ง รับมือเลือกตั้งอบจ. 1 ก.พ.68,0
ชัยชนะ' ลั่นทักษิณไม่ผิด แต่เป็นผู้ได้รับผลของการกระทำนำตัวไปรักษาชั้น 14,1
จตุพร' ฉะ 'ทักษิณ' เดินเกมการเมืองอบจ. แบบตีท้ายครัว ใช้นโยบายปราบผู้มีอิทธิพลเพื่อต้อนเข้าคอก,1
สุดาวรรณ' บอกให้ดูตัวเองว่าอยู่พรรคไหนจะรู้ว่าแม่ลง อบจ.ในนามใคร,1
เอกนัฏ' เอาเก้าอี้เลขาฯ พรรคประกันยัน 25 สส.ไม่ย้ายหนี,1
ปิ๋วอีกคดี! ศาล รธน.ไม่รับคำร้องปมแจกเงินดิจิทัลไม่ตรงปก,1
กกต.แนะ 'ทักษิณ' มาแจงปมครอบงำเพื่อประโยชน์ต่อรูปคดี!,1
ปชน.หวัง ป.ป.ช.สอบปมป่วยทิพย์อย่างเที่ยงตรง!,1
อุ๊งอิ๊ง' ร้อง 'อ๋อ' จะไปชี้แจงกกต.เรียกแจงปม 'พ่อนายกฯ' ครอบงำพรรคหรือไม่,1
พริษฐ์' ชักแม่น้ำทั้งห้าชวนรัฐบาลยื่นร่างแก้ไขรัฐธรรมนูญประกบ,1
พรรคประชาชนจองกฐินซักฟอกรัฐบาลตามมาตรา 151,1
กกต.ขึงขัง! พร้อมสอบ พท.ใช้เงินจัดสัมมนาหัวหินถูกต้องหรือไม่,1
ปชน.เปิดเพิ่ม 6 ชื่อชิงนายก อบจ.พ่วงขอบริจาค!,0
เนเน่' ปลื้ม 'พีระพันธุ์' แต่งตั้งให้ดำรงตำแหน่งที่ปรึกษาของรองนายกฯ,0
เพื่อไทย' สั่ง สส.ห้ามโดดประชุมโหวตร่างพรบ.ประชามติ หนุนเสียงข้างมากชั้นเดียว,1
เผ่าภูมิ' เผย 'แจกเงินหมื่น เฟส 2' เข้าครม. 24 ธ.ค.นี้ ทันไทม์ไลน์ก่อนตรุษจีนปีหน้า,0
สนธิญา' ลุยร้อง กกต. จัดหนัก 'ทักษิณ' จุ้นเพื่อไทย,1
ครม.โยก 'รณรงค์ พูนพิพัฒน์' ข้ามห้วยจากพาณิชย์ นั่งเลขาฯ สคบ.คนใหม่,0
ธีระชัย' สับมาตรการแก้หนี้ 'คุณสู้ เราช่วย' หากลูกหนี้ผิดเงื่อนไข เท่ากับเอาภาษีไปหนุนสถาบันการเงิน,1
ลุงป้อม' ส่ง 4 สส. ตัวแทนพปชร. ร่วมดินเนอร์พรรคฝ่ายค้าน 18 ธ.ค.นี้,0
สรวงศ์' เผยภรรยา สจ.โต้ง ชิงนายกอบจ.ปราจีนฯ ในนามเพื่อไทย ต้องผ่านกก.บห.พรรคก่อน,0
โรม' ชี้ ป.ป.ช. ทำคดีจนท.รัฐ เอื้อ 'ทักษิณ' นอนชั้น 14 หลักฐานเยอะไม่ต้องใช้เวลานาน,1
"ยังไม่ชัด! ""อิทธิพร"" เผย 'หมอเกศ' ถูกร้อง 'หลอกลวง-ฮั้ว' เลือกสว. ต้องเรียกหลักฐานเพิ่ม",0
แก้ข่าวสทร.! 'อิ๊งค์- เสี่ยหนู' เดินคุยโชว์ปึ๊กหลังประชุมครม.,1
แสวง' เผย 20 ส.ส.ถูกพปชร.ขับออก สมัครเข้าพรรคใหม่ได้เลย,0
บิ๊กอาย' ปลื้ม! กล้าธรรม ครบ 2 โหลแล้ว 'ธรรมนัส' เป็นใหญ่แน่,1
บิ๊กอ้วน' อวย 'สทร.' ได้แสดงความเห็นต่อสาธารณะแล้วว่าเป็นที่ปรึกษาได้มากน้อยขนาดไหน,1
ดีใจกันใหญ่! 'เดชอิชม์' ยิ้มร่า มั่นใจ 100 % 'ทักษิณ' เหน็บ รมต.ลาประชุม ไม่ได้หมายถึงประชาธิปัตย์,1
โปรดเกล้าฯพระราชทานยศ ข้าราชการในพระองค์ ฝ่ายทหารชั้นสัญญาบัตร 27 นาย,0
โปรดเกล้าฯ แต่งตั้ง ข้าราชการระดับสูง กระทรวงมหาดไทย 33 ราย,0
สส.-สว.'เชิญชวนคนไทย 'ดื่มไม่ขับ ขับไม่ดื่ม'เฉลิมฉลองเทศกาลปีใหม่ 2568,0
ภูมิใจไทย'เฮ!!! รอดคดียุบพรรค ปมรับเงินบริจาค,1
‘วิสุทธิ์’หยัน‘เท้งเต้ง’พาย้อนยุควนกลับ‘การเมืองน้ำเน่า’พูดเอาหล่อ แซะเหงาเรียกหาแต่‘นายกฯ’,1
ชวน'ชงแก้ผู้บริหารท้องถิ่นชิงออกก่อนครบวาระ ชี้เป็นสิทธิแต่ไม่ควรผลาญงบแผ่นดิน,1
คุยอะไรกับ‘อันวาร์’? ‘ทักษิณ’ย้ำผนึก‘อาเซียน’สร้างความเข้มแข็ง,1
เปิดภาพ‘แม้ว-อันวาร์’ ถกแก้ไฟใต้ อวยฉ่ำเครือข่าย‘ทักษิณ’ไม่มีใครเทียบได้,1
‘ทักษิณ’รับขึ้นเรือยอร์ชคุย‘อันวาร์’นายกฯมาเลเซีย บอกเรียบร้อยดี,0
‘ประเสริฐ’เด้งรับ‘ทักษิณ’ จ่อถก‘แบงก์ชาติ’หน่วงเงินป้องกันมิจฉาชีพ,1
‘ทักษิณ’มอบกระเช้าดอกไม้ยินดี 75 ปีไทยรัฐ,0
ปี68อยากเห็น‘อิ๊งค์’ 7 ข้อ อย่าให้ใครว่า‘คบเด็กสร้างบ้าน คบหัวล้านสร้างเมือง’,1
‘รุจิระ’ผ่าปมร้อน! ‘MOU 44’บกพร่องโดยสุจริต จริงหรือ?,1
คุยอะไรกัน!? ‘สส.ปชน.’จับตา‘ทักษิณ-อันวาร์’'พบกันกลางทะเลในที่แปลกๆ,1
‘ภูมิธรรม’โยน‘ทักษิณ’ชี้แจงเอง หลังมีข่าวนั่งเรือยอร์ชคุย‘อันวาร์’กลางทะเล,1
‘นายกฯอิ๊งค์’ลางาน 1 วัน ใช้เวลาพักผ่อนกับครอบครัวช่วงปีใหม่,0
เปิดภาพ‘ทักษิณ’ควง‘ธรรมนัส’โผล่หลีเป๊ะ สะพัดนัดถก‘อันวาร์’บนเรือยอร์ชกลางทะเล,1
นายกฯอิ๊งค์'มอบคำขวัญวันเด็กปี68 'ทุกโอกาสคือการเรียนรู้ พร้อมปรับตัวสู่อนาคตที่เลือกเอง',0
ฟันเปรี้ยง! หลัง ม.ค.68 ‘พ่อทุกสถาบัน’คึกคะนองไม่ออก,1
‘วันนอร์’ไม่หวั่นฝ่ายการเมืองเลื่อยขาเก้าอี้ประธานสภาฯ ชี้‘ฝ่ายบริหาร-นิติบัญญัติ’แยกกันชัด,1
ธนกร'ฝาก'ผบ.ตร.'ขันน็อตตำรวจเข้มชายแดนสกัดยาเสพติด หวั่นฉวยโอกาสขนย้ายช่วงปีใหม่,0
‘แบงก์ชาติ’ชงความเห็นถึงรัฐบาล ติง1หมื่นเฟส3 โครงการใหญ่ต้องได้ประโยชน์สูงสุด,1
‘บิ๊กเนม’หลายวงการทุบเปรี้ยง รัฐบาลอยู่ไม่ครบเทอม คงไม่พ้นปีหน้า,1
สะพัด!‘ทักษิณ’เยือนหลีเป๊ะ พบ‘อันวาร์’บนเรือยอร์ชกลางทะเล,1
‘ทักษิณ’Who are you.? โชว์อำนาจบาตรใหญ่ ฉะ‘ประเทศ’ไม่ใช่ธุรกิจ‘เครือชินวัตร’,1
‘จตุพร’แฉอีโม่ง ว้าวุ่นหนักวิ่งเต้นล็อบบี้ปปช. เปลี่ยนผู้ทำสำนวนรพ.ชั้น14,1
นักข่าวสภาตั้งฉายาเจ็บ-‘บิ๊กป้อม’ดาวดับ สภา‘เหลี่ยม(จน)ชิน ปธ.วันนอร์‘รูทีนตีนตุ๊กแก’,1
ปชป.เดินหน้าให้ความรู้การเมืองการปกครองฯ ชาวลาดกระบัง 'พี่เต้'บรรยายปม MOU 44,0
"กกต.เผยยอดผู้สมัครเลือกตั้ง อบจ. ทั่วประเทศ 4 วัน รวม 6,622 คน",0
ประเสริฐ'สั่งคุมเข้มลดเจ็บ-ตายปีใหม่ หลังพบดื่มแล้วขับ 'เจ็บ-ตาย' เฉลี่ยชั่วโมงละ 3 ราย,0
ราชกิจจาฯ ประกาศเพิ่มอีก 31 จังหวัด '30 บาทรักษาทุกที่' เริ่ม 1 ม.ค. 68,0
น้องๆหยอกไม่คิดไร! ‘มงคล’ขอบคุณสื่อมอบฉายา‘ล็อกมง’,1
‘ดีอี’ส่งความสุขปีใหม่ มอบ 9 ของขวัญให้คนไทยทั่วประเทศ,0
นายกฯ'ดอดเงียบตรวจความพร้อมหมอชิต รองรับปชช.เดินทางกลับภูมิลำเนาช่วงปีใหม่,1
กมธ.‘สุราชุมชน’พิจารณาร่าง กม.เสร็จแล้ว ส่งกลับเข้าสภา ม.ค.68,0
‘โหรราชรามัญ’ผ่าดวงการเมืองไทยปี’68 เผยชื่อคนเป็นนายกฯต่อจาก‘อิ๊งค์’,0
รมว.ดีอี'ขอบคุณ'นายใหญ่'ชี้เป้าแหล่งมิจฉาชีพออนไลน์,1
‘ณัฐวุฒิ’ชี้ฉายาดาวดับ‘บิ๊กป้อม-ธิษะณา’ อยู่ที่ใจเจ้าตัวจะยอมรับหรือไม่,1
จัดเต็ม! แกะกล่อง 18 ของขวัญปีใหม่‘มหาดไทย’,0
‘นายกสมาคมทนายฯ’เห็นแย้งกฤษฎีกากรณี‘กิตติรัตน์’ ฉะเลิกเล่นการเมือง 2 มาตรฐาน,0
ทวงความยุติธรรม! ‘เต้น’พาญาติคนเสียชีวิตเหตุชุมนุม’53 ยื่นดีเอสไอ,1
นายกฯ มอบนโยบาย 'ดูแลความปลอดภัย-อำนวยความสะดวก' เดินทางช่วงปีใหม่,0
‘เท้ง’สังสัย‘มติ กพช.’ ชะลอรับซื้อพลังงานไฟฟ้าหมุนเวียน ซื้อเวลาหรือไม่?,1
‘นายกฯ’เลี่ยงตอบปม‘แบงก์ชาติ’ ส่งหนังสือติงแจกเงินหมื่นเฟส 3,0
‘ณัฐพงษ์’เลิฟสุดๆ! ไม่น้อยใจสื่อสภาตั้งฉายา‘เท้งเต้ง’,1
‘เจิมศักดิ์’สะท้อนมุมมอง! สู้กับ‘ระบอบทักษิณ’โกง-ตระบัดสัตย์,1
‘เท้งเต้ง’ชงสภาฯแก้ข้อบังคับ แก้เผ็ด‘อิ๊งค์’เบี้ยวกระทู้ซ้ำซาก,1
กมธ.สภาฯ'จี้รัฐเร่งแก้กม.เพิ่มโทษปืน-ฟื้นประหาร,1
‘ประชาธิเป๋’สักพักก็แข็งแรง!‘บัญญัติ’ชี้‘ฉายา’เป็นกระจกสะท้อนตัวเอง,1
สิ้น!‘พลตรีประพาศ ศกุนตนาค’โฆษกคณะปฏิวัติ เจ้าของวลี‘โปรดฟังอีกครั้งหนึ่ง’,0
นายกฯ'มอบนโยบายตำรวจ เชื่อใต้การนำ'บิ๊กต่าย'ทำให้ปชช.อยู่อย่างมีความสุข-ปลอดภัย,0
‘พรรคส้ม’ซัดกลับ!! บอกถ้าเป็น‘ประชาชนพม่า’แล้วรัฐบาลเป็นอะไร!? เอื้อ‘รบ.ทหารเมียนมา’,1
โพลเผยปชช.ส่วนใหญ่เลือกสวดมนต์ข้ามปีที่ศาสนสถานใกล้บ้าน,0
‘อดีต สว.ดิเรกฤทธิ์’ระบุชัดเจนพ่อนายกฯนอนชั้น 14 ฝ่าฝืนหมายคุมขังศาล,1
‘พรรคส้ม’กล้าไหม‘มีแม้ว ไม่มีเรา’ หลัง‘ทักษิณ’อัดใส่-ขีดเส้นแบ่งข้างทุกเวที,1
‘เขากระโดง’ยังระอุ! ‘กรมที่ดิน’แถลงการณ์โต้ยิบ‘การรถไฟฯ’,1
รัฐบาลพร้อมดูแลปชช.ช่วงปีใหม่ 68 มอบความสุขครบทุกโหมดการเดินทาง,0
‘อิ๊งค์’เยือน‘สตช.’ กดปุ่มเปิดกล่องของขวัญปีใหม่ตร.,0
แทงสวน‘ทักษิณ’! จตุพรทุบเปรี้ยงรัฐบาลอยู่ไม่ครบเทอม เตือน‘อีโม่ง’หยุดวิ่งเต้นล้มปมชั้น14,1
ไฟเขียวขายเหล้าเบียร์‘5 วันพระใหญ่’ในสนามบินนานาชาติ,0
จักรภพ'ลั่น22มค.68 วันประวัติศาสตร์โลก ไทยจะประกาศใช้พ.ร.บ.สมรสเท่าเทียมเต็มรูปแบบ,0
มาแล้ว‘ฉายาสภา’เหลี่ยม(จน)ชิน ส่วนสภาสูง‘เนวิ(น)เกเตอร์’ ไร้ดาวเด่น-เปิดคู่‘ดาวดับ’,1
‘ลุงป้อม’เปิดมูลนิธิป่ารอยต่อฯรับอวยพรปีใหม่,0
กระตุก‘ทักษิณ’! บินสูงอาจตกมาตายได้ อย่าเหิมอ้างเบื้องสูง,1
นายกฯถกด่วน อธิบดี DSI-ตร. จี้คดี‘ดิไอคอน,0
อ้างความมั่นคง ‘กลาโหม’กอดแน่น ที่ดิน-ธุรกิจกองทัพ,1
มีแต่หมอที่จับหมอด้วยกันได้ ‘วรงค์’ชี้จบแน่ กรณี‘เทวดา’ป่วยทิพย์ชั้น 14,1
‘ถ้าลงถนนรถอาจติดนิดหน่อย’ ‘เพื่อไทย’หยันม็อบ ‘นพดล’ซัดอย่าสร้างความเกลียดชัง ยัน MOU44 งุบงิบเจรจากันไม่ได้,1
ตอกฝาโลง‘กิตติรัตน์’ มติกฤษฎีกาเอกฉันท์ขาดคุณสมบัติ ดับฝันนั่งประธานบอร์ดแบงก์ชาติ,1
กพช.สั่งชะลอรับซื้อไฟฟ้าสีเขียวเฟส 2 ลดการนำเข้า Spot LNG ลดภาระต้นทุนค่าไฟฟ้า,0
นายกฯอิ๊งค์'โพสต์โชว์กองแฟ้มเอกสาร เร่งเคลียร์งานส่งท้ายปีเก่า-ต้อนรับปีใหม่,1
พท.'โหมแรงไฟMOU44 หยันปลุกม็อบลงถนน แค่รถติดนิดหน่อย,1
ธัชชัย'ยินดี'ทักษิณ'ยื่นมือช่วยปราบแก๊งคอลฯ มั่นใจปราบได้ แต่ต้องได้รับความร่วมมือ,0
ศาลรธน.มีมติเอกฉันท์ ไม่รับคำร้องปมจำกัดสิทธิสมัคร สว.,0
‘วันนอร์’ยัน 14-15 ม.ค.68 ลุยถกแก้รธน. หวังได้รัฐธรรมนูญใหม่ทันเลือกตั้งปี’70,0
‘พิชัย’เผยรอรับรายงานผลพิจารณาคุณสมบัติ‘กิตติรัตน์’ นั่ง‘ปธ.บอร์ดแบงก์ชาติ’,0
‘เพิ่มพูน’ดีใจได้ฉายา‘รมต.โลกลืม’ ถ้าผู้สื่อข่าวลืมคงไม่พูดถึง,1
โชว์ใหญ่เกินเบอร์? ‘เจิมศักดิ์’วิเคราะห์พฤติกรรม‘ทักษิณ’ ไล่พรรคร่วม-พบบ้านใหญ่-หาเสียงอบจ.,1
ปลดล็อก‘พลังงาน’ ‘รทสช.’ชิงยื่น‘กม.โซลาร์รูฟท็อป’ ยันปชช.ได้ใช้ไฟถูกแน่,0
‘สมศักดิ์’ขึงขังจัดการ รพ.ปลอม‘ใบรับรองแพทย์’แรงงานข้ามชาติ,1
นายกฯคิกออฟ 30 บาทรักษาทุกที่เฟส 4 ครอบคลุมทั่วไทย 1 ม.ค.68,0
กระทรวงเกษตรฯ'มอบของขวัญปีใหม่ 2568 ให้เกษตรกรไทย,0
‘มนพร’ยืนยัน! รัฐบาล-สส.ไม่มีใครอยาก‘ยุบสภา’,1
‘อิ๊งค์’งง! ใครพูดเรื่อง‘ยุบสภา’ ปัดตอบปม‘กระทู้สด’,1
กกต.'แจงแนวทางการพิจารณาคุณสมบัติผู้มีสิทธิเลือกตั้งสมาชิก-นายกอบจ.,0
รมว.ยุติธรรม'อวยพรปีใหม่ 2568 ขอให้มีความสุข,0
เช็คคุณสมบัติ! ผู้มีสิทธิเลือกตั้ง‘ส.อบจ.-นายก อบจ.’,0
‘ทักษิณ’สติแตก กลัวบ่วงรัดคอ ‘จตุพร’แฉสู้ให้จนติดคุก 5 ครั้ง‘เนรคุณ’ตรงไหน,1
เปิด2ช่องทาง'ฝากบ้านกับตำรวจ'เที่ยวปีใหม่ 2568 ทิ้งบ้านไว้ปลอดภัย,0
บานเป็นกระด้ง! ปูดจ่อแจ้งความเช็กบิล‘อีโม่ง’วิ่งเต้นล็อบบี้คดี‘ป่วยทิพย์ชั้น14’,1
ชำแหละนโยบายเศรษฐกิจ‘เพื่อไทย’ล้มเหลว เอา‘ยาพิษ’มาหลอกขายเป็น‘ยาวิเศษ’,1
ฟันเปรี้ยง! รัฐบาลไม่ปล่อย‘แบงก์ชาติ’ เปลี่ยน‘เด็กในคาถา’นั่งปธ.บอร์ดแทน‘กิตติรัตน์’,1
หลาน‘เนวิน’ลุย ชิง‘นายก อบจ.’ กลุ่มคนบุรีรัมย์ รั้งแชมป์อีกสมัย,0
‘หนู’ให้รอศาล พิพากษาชี้ขาด ที่ดินเขากระโดง คู่กรณีควรเงียบ,1
‘สนธิ-ปานเทพ’รุกถาม MOU44 ลงถนนหลังปีใหม่ ยกระดับม็อบถ้ารบ.ยังเพิกเฉย,0
‘แม้ว’หยันม็อบ‘ถนนมีไว้ให้คนเดิน’ โวรบ.อยู่ครบเทอม คุยปี’68 ม่วนแน่จบทุกปัญหา,1
โปรดเกล้าฯถอดยศ-เรียกคืนเครื่องราชฯ 18 ตํารวจ ฐานกระทําผิดวินัยร้ายแรง,1
จากอุดรฯถึงเชียงใหม่! มัดรวม‘ทักษิณ’ปากแซ่บ ‘ด่าจนลืมป่วย’ เบ่งบารมีพ่อ(เลี้ยง)รัฐบาลตัวจริง,1
‘ก.แรงงาน’จัดเต็ม! มอบ7รายการของขวัญปีใหม่รับปี 68,0
ลิณธิภรณ์'ซัดเดือดฝ่ายค้าน อย่าบิดเบือนค่าไฟแพง แจงชัดๆเอื้อกลุ่มทุนตรงไหน??,1
ทำสิ่งที่ถูกต้อง! ‘อัครเดช’เผย‘สส.รทสช.’ให้กำลังใจ‘พีระพันธุ์-เอกนัฏ’,0
สุพิศ'ยันลาออกอธิบดีชอบด้วยกม. ลุยหาเสียงเลือกตั้ง'นายก อบจ.สงขลา',0
อัดงบ 220 ล้าน! หนุนผลิตหนัง-ละคร-ซีรีส์-สารคดี-แอนิเมชันไทย,0
‘ประเสริฐ’สั่งลุยแก้ปัญหาพื้นที่‘ทับลาน’ เร่งพิสูจน์สิทธิ์-คืนความยุติธรรมปชช.,0
แตกฟองแล้ว!‘ทักษิณ’ส.ท.ร. แซะ‘ปชน.’เก่งแต่พ่น ลั่นไม่ยกบ้านยกเมียให้ใครปม‘เกาะกูด-ว้า’,1
‘อิ๊งค์’ร่วมปีใหม่สื่อทำเนียบฯ ปล่อยมุขถึงหน้าจะเหลี่ยมแต่ไม่มีเล่ห์เหลี่ยม,1
สรุปมติคณะรัฐมนตรี (ครม.) ประจำวันที่ 24 ธันวาคม 2567,0
‘หัวหน้าอิ๊งค์’นำทัพ! เปิดตัวผู้สมัครนายก อบจ. 9 จังหวัด สวมเสื้อเพื่อไทย,0
‘เลขาฯกฤษฎีกา’ยันยังไม่ปัดตกชื่อ‘กิตติรัตน์’นั่งปธ.บอร์ดแบงก์ชาติ ลุ้นถก 3 ฝ่าย 25 ธ.ค.นี้,0
จับอาการ‘ทักษิณ’ผ่านคำปราศรัย ต่ำกว่ามาตรฐาน‘ระเบียบการหาเสียง’,1
พปชร.'ดันแลนด์บริจด์อีสาน ลั่นเกาะติดMOU44ทั้งใน-นอกสภา จ่อสัมมนาหัวหิน20-21ม.ค.68,0
‘ทักษิณ’รับเป็นคนโลภมาก ลั่นทวงคืนเก้าอี้ 10 สส.เชียงใหม่,1
นายกฯ ขอบคุณส่วนราชการเร่งดำเนินนโยบาย “รัฐบาลดิจิทัล”,0
เช็กพิกัดกางเต็นท์ฟรี 37 จุดทั่วไทย ช่วงปีใหม่ 2568,0
“พิชัย” ลุยสร้างความมั่นใจนักธุรกิจญี่ปุ่น ดันค้า-ลงทุน,0
เลขาฯ กกต.ตรวจความเรียบร้อย เลือกตั้งนายก อบจ.อุบลฯ,0
รณรงค์ “ดื่มไม่ขับ กลับบ้านปลอดภัย” ปีใหม่ 2568,0
เตรียมเปิดตัวว่าที่ผู้สมัครนายก อบจ.ในนามเพื่อไทย 6 จังหวัด 24 ธ.ค.นี้,0
“ยลดา” เตรียมลงสมัครเลือกตั้งนายก อบจ.นครราชสีมา ในนามเพื่อไทย,0
บขส.เปิดตรวจสภาพรถให้ประชาชนฟรี 20 รายการ,0
มหาดไทยมอบของขวัญปีใหม่ 18 โครงการ ลดรายจ่าย เพิ่มรายได้,0
นายกฯ ตรวจความพร้อมหมอชิต 2 ให้บริการ ปชช.เดินทางช่วงปีใหม่,0
นายกฯ ตรวจเยี่ยมศูนย์ควบคุมจราจร รองรับการเดินทางช่วงปีใหม่,0
กพช. ขยายมาตรการรับซื้อไฟฟ้าจากพลังงานทดแทนส่วนเพิ่ม,0
ฉายาสภาปี 67 สส. “เหลี่ยม(จน)ชิน” ด้าน วุฒิสภา “เนวิ(น)เกเตอร์”,1
เริ่มโอนเงินเยียวยาน้ำท่วมใต้ เฝ้าระวังฝนตกหนัก 27-28 ธ.ค.นี้,0
ลุยบรรจุร่างแก้ รธน. 256 ปชน.จ่อพิจารณาพร้อมรายมาตรา 14-15 ม.ค.68,0
นายกฯ โพสต์ภาพแฟ้มงานเตรียมพร้อมส่งท้ายปี 2567,0
“สมศักดิ์” ยันจัดการเด็ดขาด รพ.ไหนปลอมใบรับรองแพทย์ ต้องเจอคุก,1
นายกฯ เลี่ยงตอบกระทู้ในสภาฯ งงยุบสภา บอกไม่ได้ยินใครพูด,1
ฝากบ้านกับตำรวจเทศกาลปีใหม่ 2568 ปลอดภัย เที่ยวสุขใจ,0
ครม. อนุมัติหลักการจ่ายชดเชย ผู้ได้รับผลกระทบโครงการไฟฟ้าพลังน้ำเขื่อนลำปะทาว ชัยภูมิ,0
ครม.เห็นชอบร่างประกาศ ทส. มาตรการคุ้มครองทรัพยากรปะการัง ท่องเที่ยวดำน้ำ,0
ครม.เห็นชอบยกเลิกกฎกระทรวงกำหนดมาตรฐานสินค้าเกษตร,0
คาดปีหน้าสินค้าเมดอินไทยแลนด์ค้าขายในโลกคึกคัก,0
“แพทองธาร” ย้อนถามนักวิชาการปรามาสทำไม,1
กำชับ พม. ดูแลกลุ่มเปราะบาง รับมือภัยหนาว-มรสุม-PM 2.5,0
“พริษฐ์” สวนกลับ “ทักษิณ” หลายนโยบายรัฐบาลนี้ผิดสัญญา,1
“ทวี” ยิ้มรับฉายา “ทวีไอพี” ปัดสองมาตรฐาน,1
“พิชัย” เผยเงินหมื่นเฟส​ 2 เข้า ครม.​ วันนี้,0
“สุริยะ” ลั่นเขากระโดงจบได้ถ้าทุกฝ่ายยึดกฎหมาย,1
ก.ยุติธรรม มอบหนังสือประวัติกระบวนการยุติธรรม,0
กองทุนหมู่บ้านคุ้มครองอุบัติเหตุให้แก่สมาชิก,0
มติ กก.รัฐสภา 8 : 4 เห็นควรบรรจุร่างแก้ รธน. เปิดทางมี สสร.,0
นายกฯ มอบนโยบายแผนการปฏิบัติงานปี68 ของ กอ.รมน.,0
“วิสุทธิ์” เสียดายเงินภาษีทำประชามติ 3 ครั้ง 9 พันล้าน,1
“บิ๊กอ้วน” สั่งจับตาพายุลูกใหม่ เตรียมพร้อมรับมือ,0
“ภูมิธรรม” ย้ำการเจรจาคือทางออก ไม่หวั่น “สนธิ” บุกทำเนียบ,1
รมว.กลาโหม กำชับเข้มปลอดภัยปีใหม่ 2568,0
“วิสุทธิ์” มองเป็นเรื่องดีฉายา “พ่อเลี้ยง” มีบุญวาสนา,1
“ภูมิธรรม” ชี้การทำงานอยู่ที่ความตั้งใจไม่ใช่ฉายา,1
“เฉลิมชัย” ไม่เคืองสื่อ ตั้งฉายา “ประชาธิเป๋”,1
ชื่นมื่น บรรยากาศรับสมัครเลือกตั้งนายก อบจ.นนทบุรี,0
นายกฯเลี้ยงปีใหม่สื่อทำเนียบฯ รับเป็นคนโผงผาง พูดตรง แต่ไม่เคยคิดร้ายกับใคร,1
‘ทักษิณ’ เย้ย ‘พรรคประชาชน’ อย่าฝันลมๆแล้งๆ ‘ยุบสภา’,1
‘พิพัฒน์’ อุบคุยนายกฯ ปมขึ้นค่าแรง 400 บาทไม่ทั่วประเทศ,1
ครบ 10 ปี!! ‘อนุทิน’ บินด่วน ‘ร้อยเอ็ด’ นำทีมแพทย์ทำภารกิจ ‘หัวใจติดปีก’,0
ครม.รับทราบไทยเป็นหุ้นส่วน ‘BRICS’ ประเทศพัฒนาเศรษฐกิจรวดเร็ว,0
‘เท้ง’ยัน ‘นายกฯ’มีอำนาจเต็มแต่กลับเงียบกริบปมรับซื้อไฟฟ้านายทุน,1
‘หัวหน้าอิ๊งค์’เปิดตัว 9 ผู้สมัครนายกอบจ.เพื่อไทย ชูเชื่อมงานส่วนกลางสู่ท้องถิ่น,0
‘พปชร.’ ดันแลนด์บริจด์อีสาน ลั่น เกาะติดเอ็มโอยู 44 ใกล้ชิดทั้งใน-นอกสภา,0
เจาะลึกเลือกตั้ง นายก อบจ.สกลนคร ‘เพื่อไทย’ ปะทะ ‘นปช.’ ระวังตาอยู่ ‘แชมป์เก่า’,1
‘พ่อเลี้ยงทักษิณ’ ฟาด ‘รำคาญโคตรXโคตรX’ อ่านเลยหมายถึงใคร?,1
‘เท้ง’ประกาศท้ารบ พร้อมสวน ‘ทักษิณ’ มโน พูดปราศจากข้อเท็จจริงใช้แต่วาทกรรม,1
ครม.ไฟเขียว ‘อภิรัฐ’ ประธานบอร์ดกทพ. ตั้ง ‘เฉลิมเกียรติ ศรีวรขาน’ คุมบอร์ดบจธ.,0
‘บิ๊กป้อม’ อวยพรปีใหม่ 68 ‘ขอให้โชคดี มีความสุข’ ปัดตอบทิศทางพรรคปีหน้า,0
ครม.ไฟเขียวขึ้นค่าแรง 400 บาท 4 จังหวัด เริ่ม 1 ม.ค.68,0
‘นายกฯ อิ๊งค์’ จ่อลงใต้ ถกครม.สัญจรสงขลา 28 ม.ค.68,0
‘อิ๊งค์’ยันสัมพันธ์ ‘พีระพันธุ์’ ยังดี ไม่ตอบอนาคตร่วมรัฐบาลหรือไม่,1
พม.แจกของขวัญปีใหม่ การเคหะฯ หั่นราคาบ้าน 102 โครงการทั่วประเทศ,0
นายกฯ ถามนักวิชาการ ปรามาสทำไม ปมนั่งประธานปราบผู้มีอิทธิพล,1
‘สนธิ-ปานเทพ’ลั่น รัฐบาลไม่ชัดเจนMOU44 พร้อมเดินเครื่องปลุกม็อบยามเฝ้าแผ่นดิน,1
‘สว.นันทนา’รับร้องเรียนจากกลุ่มผู้เสียหายแชร์เงินดิจิทัล,0
ครม.ไฟเขียวย้ายผู้ว่าฯ พ่วงผู้ตรวจฯ 33 ราย จับตาตั้ง 3 ผู้ว่าราชการหญิง,0
‘ทักษิณ’ ชี้ศึกเลือกตั้งนายกอบจ.เชียงใหม่ ต้องดุดัน พร้อมยันเชียงใหม่ไม่มีใครเป็นเจ้าของ,1
‘ทักษิณ’ อวยพรปีใหม่คนไทย ‘ผมกลับมาแล้ว จะรับใช้ประเทศอย่างดีที่สุด ให้ทุกคนพ้นทุกข์ในอดีต’,0
นายกฯอวยพรปีใหม่ครม.ไม่พอใจแผนการคลัง สั่งปรับปรุงใหม่,0
‘อนุทิน’ขอทุกฝ่ายเงียบก่อน รอคำสั่งศาลปกครองชี้ปมเขากระโดง,1
สธ.สั่งยกระดับเฝ้าระวังหวัดนกในคน แม้ยังไม่พบคนป่วย แต่เจอสัญญาณป่วยทั่วโลกสูงขึ้น,0
เตือนผู้สูงอายุระวังมิจฉาชีพหลอกสูบเงินหมื่น หลังรัฐแจกเฟส2,0
‘อนุทิน’ ปัดข่าวฝ่ายการเมืองทำโผโยกย้ายผู้ว่าฯวุ่น,1
ประธาน กมธ.ป.ป.ช.ฯ มองปัญหาทุจริตคอร์รัปชั่นเกิดจากข้าราชการมีกิเลส,1
‘สุริยะ’โว ‘เพื่อไทย’ส่งผู้สมัครนายกอบจ.ที่ไหนชนะที่นั่น,1
‘นภินทร’ โอดฉายาโลกลืม ยันทำงานเยอะมาก แต่ไม่อยู่ในกระแส,1
‘จิราพอ(ล)’ขอบคุณสื่อมอบฉายาให้ ยันสอบ ‘เทวดาสคบ.’ไม่เงียบ,1
‘ทวี’ ยิ้มรับฉายา ‘ทวีไอพี’ ปัด2มาตรฐาน เผย12จนท.มั่นใจสู้คดีในป.ป.ช.,1
‘ทักษิณ’ โว ปีหน้าม่วนแน่ จบหมดทุกปัญหายัน รัฐบาลอยู่ครบเทอม,1
‘สุริยะ‘ลั่นเขากระโดงจบ ถ้าทุกฝ่ายยึดกฎหมาย เข้าใจ​‘ทรงศักดิ์’ห่วงคนในพื้นที่,0
‘พิชัย’ลุ้น ความเห็นกฤษฎีกา 1-2 วันชี้ชะตา ‘กิตติรัตน์’ ได้นั่งประธานบอร์ดแบงก์ชาติหรือไม่,0
กกต.สั่งสอบคลิปเสียงเตรียมเงิน 20 ล้านเลือกตั้งท้องถิ่นปราจีนบุรี,0
นายกฯถกครม.ส่งท้ายปี 67 จัดผ้าทอย้อมคราม-เนกไท ของขวัญปีใหม่ให้รัฐมนตรี,0
กกต. ติวเข้มวิทยากร รับเลือก อบจ.68 ปลุกกปน.อย่าท้อเจอแรงเสียดทาน,1
มีผลแล้ว! จํากัดความเร็วรถในกทม. วิ่งไม่เกิน 60 กม./ชม. ยกเว้นถนน 13 สาย,0
สยบรอยร้าวรัฐบาลแตก ‘ทักษิณ-อนุทิน’ ร่วมตีกอล์ฟ หลังเกิดปม ‘อีแอบ’,1
เคลียร์ใจ ‘แดง-น้ำเงิน’ วัดคนละดอก,1
“ทักษิณ”อ้อนชาวเชียงใหม่เลือกสว. “ก๊อง” นั่งนายกอบจ. ลั่นไม่ทนพวกเห่าหอนซัดมาซัดกลับ,1
เช็กด่วน! เปิดชื่อ 4 จังหวัดรับค่าแรง 400 บาท มีผล 1 ม.ค.68,0
ด่วน! บอร์ดไตรภาคีเคาะค่าจ้าง 400 บาทไม่ทั่วประเทศ,0
‘วิสุทธิ์’ มั่นใจ ‘รมต.’ มาตอบกระทู้ในสภา 26 ธ.ค.นี้ ทุกคน,0
‘สว.’ เรียกร้อง ‘รัฐบาล’ เร่งประสานขอตัวประมงไทยกลับประเทศ ก่อน 4 ม.ค.68,0
‘รมว.กลาโหม’ สั่งปิดชายแดนไทย-เมียนมา 1 เดือน สกัดอหิวาตกโรค,0
‘รมว.กลาโหม’ยัน ไม่มีสงคราม ‘ไทย-ว้า’จวก พวกปั่นกระแสจุดไฟ,1
นายกฯมอบนโยบายกอ.รมน. 68 ย้ำองค์กรต้องมี KPI ปรับตัวโลกยุคเปลี่ยนผ่าน,0
‘วิสุทธิ์’ ชี้ทำไม่ได้​แก้ รธน. ช่วงรอพัก ‘ร่างพ.ร.บ.ประชามติ’ 180 วัน,0
‘วิสุทธิ์’ อวย ‘รัฐบาลพ่อเลี้ยง’ คนเหนือถือว่าเกิดมา ‘มีบุญ-มีตังค์’,1
‘รทสช.’ โพสต์ ‘พีระพัง’ พังผูกขาด พังระบบเน่าเฟะ,1
‘จิราพร’ประชุมเร่งงานประชาสัมพันธ์ พิธีสมมงคลพระชนมายุเท่าร.1,0
‘ทักษิณ’ บอกไม่มีอะไรต้องเคลียร์ ‘อนุทิน’ แค่เรื่องลิ้นกับฟัน,1
‘นายกฯอิ๊งค์’ ขอถามพ่อเตรียมบินลังกาวีพบ ‘อันวาร์’ 26 ธ.ค.,0
‘ทักษิณ’ โวฉายา ‘รัฐบาลพ่อเลี้ยง’ เดี๋ยวเพื่อไทยทำเศรษฐกิจดี คนเหนือได้เป็นพ่อเลี้ยง,1
‘ไอติม’ โพสต์ข่าวดี ‘คณะกรรมการประสานงานประธานรัฐสภา’ มีมติให้บรรจุร่างแก้ไขรัฐธรรมนูญ,0
‘ทักษิณ’ ถึงเชียงใหม่ ขึ้นปราศรัยช่วยผู้สมัครนายก อบจ. ‘เพื่อไทย’ เย็นนี้,0
‘พรรคประชาชน’จัดทัพ 6 สาย สมัครเลือกตั้งนายก อบจ.-ส.อบจ. ทั่วประเทศ,0
‘สว.’ เดือดรัฐบาลเทตอบกระทู้ ตั้งฉายา ‘นายกฯ นินจา’ หนีสภา,1
‘ณัฐพงษ์’ ลั่นสนาม อบจ.นนทบุรี‘พรรคประชาชน’มั่นใจ 100%,0
‘พริษฐ์’เข้าแจงทีมกฎหมาย‘วันนอร์’ ดันประชามติ 2 ครั้ง,0
‘เท้ง ณัฐพงษ์’ โนคอมเมนต์ ‘รัฐบาลพ่อเลี้ยง–แพทองโพย’ ระบุอยากเห็นฉายาตัวเองมากกว่า,1
‘อนุทิน’ ลั่น ‘ภูมิใจขวาง’ ทำประโยชน์ให้บ้านเมือง-สั่ง ‘รมต.โลกลืม’ ตีปี๊บผลงาน,1
‘อิ๊งค์’ขอบคุณไว้วางใจเลือก ‘เพื่อไทย’ศึกเลือกตั้งอบจ.อุบลฯ,0
‘นายกฯอิ๊งค์’อวยพรปีใหม่ขอคนไทยมีความสุข ลั่นปีหน้าเป็นปีแห่งโอกาส,0
‘พิพัฒน์’ วอนไตรภาคี ถกวันนี้ ไฟเขียวค่าแรง 400 บาททั่วประเทศ,0
‘กกต.’มองการเมืองหนุนผู้สมัคร อบจ. ทำแข่งขันเข้มข้น ไม่รุนแรง เตือนรถแห่รู้เบอร์ต้องเงียบ,1
‘แพทองธาร’ ปัด ‘ทักษิณ-อนุทิน’ตีกอล์ฟเคลียร์ใจ บอกรู้จักกัน 20 ปีแล้ว,1
เลขาฯ กกต. ชี้เป็นสิทธิ ‘ชวาล’ สู้คดีจ่ายโฆษณาเฟซบุ๊กหาเสียงเลือกตั้ง,0
‘อิ๊งค์’ไม่โกรธฉายา ‘แพทองโพย’ หยอกสื่อ ‘ใช้ไอแพดไม่ได้ใช้โพย’,1
มาแล้ว! ฉายารัฐบาลปี67 ‘รัฐบาลพ่อเลี้ยง’ นายกฯ ‘แพทองโพย’,1
กกต. เปิดสมัครรับเลือกตั้งเป็น ส.อบจ. และนายก อบจ. ระหว่างวันที่ 23 – 27 ธ.ค. 2567,0
เกาะติดประเด็นการเมืองวันนี้! จับตา ‘พรรคเพื่อไทย’ เปิดศึก ‘พรรคสีส้ม’,1
‘แดงvsส้ม’ เดือดสมรภูมิ อบจ.,1
เปิด 6 ชื่อผู้สมัครเพื่อไทย ลงชิงนายก อบจ. 1 ในนั้น มี สจ.จอย ลงสู้บ้านใหญ่ปราจีนบุรี,0
‘กองทัพอากาศ’ส่ง F-16 บินสกัดกั้นอากาศยานไม่ทราบฝ่าย ล้ำน่านฟ้าไทย,0
‘ทักษิณ’ เปิดตัว ‘เจ๊หน่อย’ ลงชิงเก้าอี้นายก อบจ.โคราช ในนาม ‘เพื่อไทย’,0
นายกฯ เยือนมหาสารคาม สั่งเร่งปรับปรุงปตร.D5 (ห้วยน้ำเค็ม) ให้เสร็จโดยเร็วรองรับฝนปี 68,0
นายกฯลั่นฟื้นกองทุน ‘SML’ยุค‘พ่อใหญ่ทักษิณ’ลั่นไม่ได้หาเสียง,1
"""อิ๊งค์"" ร่วมปีใหม่สื่อ รับเป็นคนโผงผางบอกถึงหน้าเหลี่ยมแต่ไม่มีเล่ห์เหลี่ยม ขอมีพลังบวกแต่ไม่บวกกับใคร",1
"""อิ๊งค์"" ลางานเปิดตัว ""สจ.จอย-ผู้สมัคร นายก อบจ. 9 จว."" ชูทุกคน DNA พท.ทุ่มเทพื้นที่ได้เสียงกลับมา",0
"""เท้ง"" ไม่หวั่น ""แม้ว"" ทวงคืนเชียงใหม่ สวนบอกทำงานไม่เป็น ชู กม.ผลงานพรรคมากสุดในสภา ลั่นไม่มีสร้างวาทกรรม",1
"""ลุงป้อม"" อวยพรปีใหม่ลูกพรรคให้มีความสุข เจริญก้าวหน้าในหน้าที่ ขอบคุณเคียงข้างฝ่าฟันอุปสรรค",0
"กฤษฎีกาแจงยังไม่เคาะ ""กิตติรัตน์"" ขาดคุณสมบัตินั่ง ปธ.บอร์ดแบงก์ชาติหรือไม่ เตรียมประชุมหาข้อสรุปพรุ่งนี้",0
ถกซอฟต์พาวเวอร์นัดแรก ทุ่มงบ 220 ล. หนุนคนไทยผลิตหนัง ละคร ซีรีส์ สารคดี แอนิเมชัน,0
"""เท้ง"" ฉะ ""อิ๊งค์"" ไม่ยกเลิกรับซื้อไฟฟ้า 3,600 เมกะวัตต์ มีถูกกว่าดันไม่ทำ จี้มาตอบกระทู้พร้อมดีเบตทุกเวที",1
"""เชาว์"" จี้เอาผิด 4 กก.คัดเลือก หนุน “กิตติรัตน์” นั่ง ปธ.บอร์ดแบงก์ชาติ ชี้ทำตามใบสั่งคุกรออยู่",1
"ครม.เคาะหลักการมาตรการ ""Easy E-Receipt 2.0"" ลดภาษี 68 สูงสุด 5 หมื่น ใช้ร้านทั่วไป-วิสาหกิจชุมชน",0
พปชร.ดันแลนด์บริดจ์เชื่อมท่าเรือตะวันออก-อีสาน เกาะติดMou 44 ทั้งใน-นอกสภารักษาอธิปไตย,0
"""พิพัฒน์"" รายงาน ครม.วันนี้ ขึ้นค่าแรงขั้นต่ำ 400 บาท 4 จังหวัด เริ่ม 1 ม.ค.นี้",0
“ธนกร” หนุนวิปรัฐบาลประสานทุกพรรคถกร่าง กม.ที่ยังเห็นต่างหาจุดร่วมก่อนพิจารณาในสภา หวั่นค้านกันเองถูกมองว่าแตกแยก-เสียเวลา,1
"รทสช.เด้งรับฉายา ลั่น ""พีระพันธุ์-เอกนัฏ"" พร้อมพังสิ่งที่ไม่ถูกต้องเพื่อผลประโยชน์ของประชาชน",1
"""ไอติม"" เผย มติคกก.ปธ.รัฐสภา บรรจุร่างแก้รธน.เปิดทางมีสสร.-ประชามติ 2 ครั้ง ได้ลุ้นทันก่อนเลือกตั้ง",0
"สภาพัฒน์ แนะ สบร. ""องค์การมหาชน"" ลดสารพัดรายจ่าย หลังพบ 5 ปี ทรงตัวระดับสูง ควบคู่ ผุด 2 โปเจกยักษ์ ""ศูนย์เรียนรู้ฯ"" 2 พันล้าน",0
"""จิรัฏฐ์"" ป้อง ""แก้วตา"" ผิดยังไงสูบบุหรี่ไฟฟ้ากลางสภา ชี้กม.ยังไม่ชัด ซัดคนแอบถ่ายชกใต้เข็มขัด",1
รทสช.ลั่น‘เอกนัฏ’ก็พร้อมพัง! ส่งทีมสุดซอยลุย‘โรงงานเถื่อน-กากพิษอันตราย’รวมใจกันพร้อมพังให้ทุกปัญหา,1
"""แม้ว"" เฉไฉฉายารัฐบาลพ่อเลี้ยง แปลว่าจะทำให้เศรษฐกิจดี อ้าง ""อิ๊งค์"" ชี้นำพ่อ ปัดเขียนโพยให้ ลั่นเช็คบิลพวกขาประจำ",1
“นฤมล” ถก คกก.มาตรฐานสินค้าเกษตร ผลักดันใช้บังคับให้เกิดประสิทธิภาพสูงสุด ลดการตีกลับสินค้าเกษตรไทย,0
"""นันทนา"" โวย สว.สีน้ำเงินล็อกเก้าอี้นั่ง กมธ.การเมืองแทนตำแหน่งที่ว่าง “เกรียงไกร” ยันใช้มติโหวตตัดสินได้",1
"""ไอติม"" ชี้ฉายารัฐบาลสะท้อน ""เพื่อไทย"" คือตัวประกันของกลุ่มทุน หวัง ""แม้ว-เสี่ยหนู"" เป็นเอกภาพเพื่อ ปชช.ไม่ใช่เพื่อคนบางกลุ่ม",1
"""ไอติม"" มั่นใจทำประชามติร่าง รธน.2 ครั้งไม่เสี่ยงขัด รธน. หวังครั้งแรกเกิดช่วงครึ่งปีหลัง 2568",0
สว.ยัวะ รุมจวกรัฐบาลเทตอบ 5 กระทู้ “ยุคล” ตั้งฉายานายกฯ นินจา  “หมอเปรม” แขวะ “แพทองโพย” ใส่ชุดนอนตรวจทหาร หิ้วผัวใต้ออกงาน,1
"""ไอติม"" ยัน “ชวาล” พร้อมสู้คดีแจ้งค่าใช้จ่ายเท็จ ควบคู่ทำงาน สส. ชูมีบทบาทสำคัญผลักดัน กม.หลายฉบับ",0
รัฐบาลเชิญชวนเลือกซื้อสินค้าราคาถูก 4 หมื่นรายการ ผ่านแคมเปญ “พาณิชย์ลดราคา” วันนี้ถึง 31 ม.ค.68,0
"จับตา “กล้าธรรม” ประชุมหลังปีใหม่ เคาะ “ธรรมนัส” นั่ง ปธ.ที่ปรึกษา “ไผ่ ลิกค์” เลขาฯ พรรค ""อ.แหม่ม"" นั่งหัวหน้าตามเดิม",0
“ทักษิณ-อนุทิน” ควงกันออกรอบตีกอล์ฟ สยบรอยร้าวรัฐบาลแตก,1
รัฐบาลเผย น้ำท่วมใต้เริ่มคลี่คลาย “บิ๊กอ้วน” สั่งเร่งสูบน้ำที่ลุ่มต่ำ จ่ายเยียวยาก่อนสิ้นปี ยันผู้เช่าได้ด้วย,0
กกต.เผย เลือกตั้ง อบจ.อุบลฯ มีร้องเรียน 3 เรื่อง เชื่อไม่เกิน 3 ทุ่ม รู้ผล มั่นใจเริ่มรับสมัครพรุ่งนี้ไร้ปัญหา,0
“ลุงป้อม” ห่วงประมง ส่งลูกพรรคลงตราดรับเรื่องร้องเรียน ขอรัฐหยุด MOU44 เสี่ยงเสียเขตแดนทางทะเล,1
“เทพไท” ชี้ชัด “แม้ว” เจ้าของ รบ.ตัวจริง “อิ๊งค์” แค่ร่างทรง หลังขึ้นเวทีโชว์วิชันที่อีสาน ครม.พร้อมขานรับ,1
"รัฐบาล เผย ปีใหม่เตรียมพร้อมรับเที่ยวบิน คาดรวมกว่า 1.8 หมื่นเที่ยว เฉลี่ย  2,611 เที่ยวต่อวัน เพิ่มขึ้น 14%",0
“อิ๊งค์” ปลื้ม รบ.ดิจิทัล ใช้บัตร ปชช.ทางแอปฯ “ไทยดี” เช็กอินในประเทศ-ย้ายเข้าออกทะเบียนบ้านได้,0
ผบ.ทร.ต้อนรับ “อุปทูตสเปน” หารือต่อเรือ “ฟริเกต” ในไทย,0
หนุ่มค้างค่าปรับใบสั่งเฮ! ศาลปกครองสั่งนายทะเบียนขนส่งจตุจักร ออกป้ายวงกลมให้ทันที พร้อมได้ค่าเยียวยากว่า 3 พันบาท เหตุตำรวจไม่ทำตามกฎหมาย,1
“นฤมล” ชูนโยบาย ดินดี น้ำดี บริหารจัดการดี ชาวอีสานมีรายได้เพิ่ม สอดรับนโยบายรัฐคนไทย มีกิน มีใช้,0
“อิ๊งค์” ชูจุดแข็งไทยที่ตั้ง-ทรัพยากรธรรมชาติ-วัฒนธรรม เล็งใช้เทคโนโลยีปูทางสู่ความรุ่งเรืองมั่งคั่ง,0
“เด็จพี่” โวยอย่ากดดัน ป.ป.ช.ปมนายใหญ่เทวดาชั้น 14 ชี้ กระบวนการยุติธรรมทางอาญาต้องอิสระ,1
พท.ป้อง “อิ๊งค์” โต้ “เท้ง” กล่าวหาละเลยปมสัปทานพลังงานหมุนเวียนไม่จริง รัฐทำเต็มความสามารถ,1
สุดฉาว! ผอ.พรรคส้ม ปราจีนฯ ถูกจับอาวุธผิด กม.กระสุนเพียบ หลัง ตร.ปูพรมกวาดล้างผู้มีอิทธิพล,1
“เอกนัฏ” ชี้ แก้ รธน.ต้องประชามติ แจง สส.รทสช.ลงช่วยน้ำท่วมเหตุไม่ร่วมโหวต ร่าง พ.ร.บ.ประชามติ,0
“อิ๊งค์” ไร้ปัญหาพรรคร่วม เห็นต่างการประสานเริ่มที่วิป เชื่อประชามติน่าจะทัน บอกไม่ได้จูนแค่กับ ภท.,1
“เชาว์” ตบปาก “ชัยชนะ” พูดไม่คิด อ้าง “ทักษิณ” เป็นแค่ผู้รับผล ไม่ผิดปมชั้น 14 ย้ำคนรับประโยชน์หนีความรับผิดไม่ได้,1
ยื่น กกต.เอาผิด “แม้ว” ปราศรัยช่วยผู้สมัครนายก อบจ.อุบลฯ แอบอ้างสถาบันฯ จูงใจให้คนเลือก,1
“อิ๊งค์” ไม่ไปเอง ส่ง “ชูศักดิ์” เป็นตัวแทนแจง กกต.ปม “พ่อแม้ว” ครอบงำพรรค,1
“ชนินทร์” อ้าง สส.พร้อมใจยืนยันเสียงข้างมากชั้นเดียว ช้าแต่ชัวร์ดีกว่าชะลอแก้ รธน.60 ฉุดรั้งประเทศ,1
เปิดผลโหวตร่าง พ.ร.บ.ประชามติ ภท.หักมติวิปรัฐบาล หันไปเห็นชอบ “เสียงข้างมากสองชั้น” สส.ล่องหนเพียบ รทสช.มากสุด 25 คน,1
รัฐบาลเตือนระวังเชื้อโนโรไวรัส ระบาดง่ายในเด็กนักเรียน แนะกินสุก-ร้อน-สะอาด หมั่นล้างมือ,0
กกต.แจงพรรคการเมืองจ่ายเงิน-ทรัพย์สินแทนผู้สมัครท้องถิ่นได้ แต่ต้องแจ้งรายละเอียดตามกฎหมาย,0
กกต.ตอบ ปชน.รับบริจาคสลากกินแบ่งรัฐบาลได้ แต่ต้องชี้แจงแหล่งที่มาตามกฎหมาย,0
สภารุมค้านเพิ่มอำนาจ กมธ.เรียกเอกชนสอบ หวั่นสบช่องเรียกประโยชน์ ก่อนลงมติหนุนทั้งฉบับ ชงต่อ สว.,0
“อิ๊งค์” เร่งแก้ยาเสพติดเป็นรูปธรรม จี้ ป.ป.ส.คืนความสุข ปชช. ย้ำ ผู้ว่าฯผนึกกำลังแก้ปัญหาระดับ จว.,0
“อิ๊งค์” ยิ้มหวานหลังศาลตีตก “ดิจิทัลวอลเล็ต” ไม่ตรงปก บอกสื่อจะให้หน้าบึ้งหรอ เมินตอบ สก.พรรคดังเล่นจินตคณิต,1
“นฤมล” นำทีม ก.เกษตรฯ ลุย นครฯ มอบถุงยังชีพ บรรเทาความเดือดร้อนให้ ปชช.พร้อมสั่งสำรวจความเสียหาย เยียวยาเกษตรกรด่วน,0
“ทวี” โวปม “แม้วชั้น 14” บางขั้นตอนดำเนินการสูงกว่าวิชาชีพทั่วไป เชื่อ ป.ป.ช.กล้าหาญ แต่โดนกดดันอาจทำให้กลัว,1
ยธ.เร่งแก้ระเบียบคุมขังนอกคุก หลังฟังความคิดเห็นเสร็จ กก.พิจารณา มี.ค.ก่อนประกาศล็อตแรก,0
“ทวี” เบรก “โกทร” ออกมาแถลงข่าวยืนยันความบริสุทธิ์ไม่ได้ เว้นญาติประกัน ทั้งหมดเป็นอำนาจศาล,1
“อิ๊งค์” ติดตามงาน ป.ป.ส. ย้ำ แก้ยาเสพติดวาระแห่งชาติ สั่งจับมือทำงานผู้ว่าฯเป็นซีอีโอ ลุยพื้นที่ประสานงาน,0
“อิ๊งค์” รู้แล้ว กกต.เรียกแจง “พ่อแม้ว” ครอบงำพรรค แต่ยังไม่ได้รับหนังสือ,1
ศาล รธน.ตีตกคำร้อง “รมว.ยุติธรรม-ราชทัณฑ์” เอื้อ “แม้ว” นอนชั้น 14 ชี้หลักฐานยังห่างไกลการใช้สิทธิเสรีภาพล้มล้างการปกครอง,1
“ขิง” ปัดข่าวลือ 25 สส.รทสช.ย้ายซบ “โอกาสใหม่” ย้ำเลือกตั้งครั้งหน้ายังมีพรรคนี้ มีแล้ว มีอยู่ มีต่อ,1
กกต.ประชุม 73 พรรค แจงแนวทางดำเนินกิจการ เตรียมส่งคู่มือใช้เงินกองทุนฉบับปรังปรุงใหม่ปีหน้า,0
“สจ.จอย” กลับลำพร้อมลงเลือกตั้งนาม พท. สานฝันแทน “สจ.โต้ง” รับใจลึกๆ กลัว แต่เชื่อทุกคนอยู่ใต้ กม.,1
สำนักนายกฯ ได้ฤกษ์ จ่ายย้อนหลัง “บินไทย” 74 ล้าน สองทริปท้าย อดีตนายกฯ/คณะ บินเยือนต่างประเทศ รวม 19 วัน,0
“อิ๊งค์” นั่งเรือแจกถุงยังชีพเมืองคอน ติดตลกใครไม่ลงรับเยียวยาไม่ได้ไม่รู้นะ บอกปีนี้ท่วมเยอะแต่เงินมาเร็วแน่,1
ข่าวดี! พริษฐ์ เผยมติกก.ประธานรัฐสภา ให้บรรจุร่างแก้รธน.-มีสสร.-ทำประชามติ2ครั้ง,0
เพื่อไทยจัดเต็ม! เชียงใหม่นับหมื่นรอฟัง‘ทักษิณ’ ณัฐวุฒิ โวบ้านคนจน-เงินหมื่นได้แน่,1
โรม เฮ! ศาลแพ่ง ยกฟ้องคดีหมิ่น อดีตสว.อุปกิต ชี้ทำด้วยสุจริต ไม่ใช่เรื่องส่วนตัว,1
สีสัน! รมต.ขิง ขอบคุณฉายาสื่อตั้งให้ เด็กรทสช.ดาหน้าแจง“พีระพัง” พังทุกปัญหา,1
รมต.ทวี หวังราชทัณฑ์ เป็นกัปตันชีวิตของคนก้าวพลาด พัฒนาศักยภาพผู้ต้องขังคืนสู่สังคม,0
วันแรกก็เดือดแล้ว! สมัครนายก อบจ.โคราช ชิงหมายเลข 3 กกต.เชื่อไร้เหตุรุนแรง,1
จิรัฏฐ์ ป้อง‘แก้วตา’ถามลั่นผิดยังไง ‘สูบบุหรี่ไฟฟ้า’กลางสภาหมื่นล้าน ฉะคนแอบถ่าย,1
ปธ.วิปรัฐบาล การันตี ประชุมสภาสัปดาห์นี้ รมต.มาตอบกระทู้ทุกคน ปัดไม่รู้ อิ๊งค์ มามั้ย,1
วุฒิสภาเดือด! นันทนา โวยสว.สีน้ำเงิน บล็อกโหวต วืดนั่งกมธ. ซัดเป็นศรีธนญชัย,1
ทักษิณ ลั่นไม่มีอะไรต้องเคลียร์ อนุทิน ชี้ ลิ้นกับฟัน กัดโดนกันบ้าง เรื่องธรรมดา,1
พิธา มองฉายา แพทองโพย ด้อยค่านายกฯ แนะพิสูจน์ตัวเอง ลบครหา รัฐบาล‘พ่อ’เลี้ยง,1
ทักษิณ โวฉายารัฐบาล“พ่อ”เลี้ยง ฮึ่มนักร้อง ตาต่อตาฟันต่อฟัน เช็กลิสต์ไว้หมดแล้ว,1
ปราจีนคึก สจ.จอย สวมเสื้อเพื่อไทยชิงนายก ผู้สมัครสจ.ใส่เสื้อเกราะมาสมัคร,1
ภูมิธรรม ซัด พวกปั่นกระแส จุดไฟสงครามไทย-ว้าแดง ชี้ เจรจาคือทางออก,1
พิธางง! ภาพ‘ทักษิณ-อนุทิน’ ร่วมก๊วนกอล์ฟ อยากสื่อสารอะไร ปัดให้คะแนนรัฐบาลอิ๊งค์,1
ทักษิณ ถึงเชียงใหม่ ส่องทะเบียนรถเลขสวย แวะกินก๋วยเตี๋ยวร้านมิชลิน สั่งเกาเหลา,0
ปากน้ำคึก! ธนาธร ส่ง‘นพดล’ชน2บิ๊กเนมศึกนายก อบจ.สมุทรปราการ สนามนี้สนุกแน่,1
สว. โวยรัฐบาล เทตอบ 5 กระทู้ ตั้งฉายา ‘นายกฯ นินจา’ ฟาดแรงไร้ความรับผิดชอบ,1
ไร้เหตุรุนแรง! รับสมัคร อบจ.วันแรก กกต.เตือนเช็กคุณสมบัติ ได้เบอร์ อย่าแห่รื่นเริง,1
นายกฯ อิ๊งค์ อวยพรปีใหม่ ฝากข้อคิดไปปรับใช้ในชีวิต แนะ มองความสุขใกล้ตัว,0
นายกฯอิ๊งค์ หัวเราะรับฉายา‘แพทองโพย’-รัฐบาล‘พ่อ’เลี้ยง ลั่นมองผ่านดราม่า ตั้งเป้าทำงาน,1
อนุทิน น้อมรับฉายา ลั่นไม่ได้ขวางใคร ชี้ต้องให้โอกาส นายกฯอิ๊งค์ ชมทุ่มเททำงาน,1
เปิดผลคะแนนเลือกตั้ง นายก อบจ.อุบล ‘กานต์’ รักษาแชมป์ ชนะ มาดามกบ 6.4 หมื่น,0
พรรคประชาชน ตั้งทีมกม.สู้คดี หลังสส.ชลบุรี ถูกกกต. ฟันอาญา หวั่นถูกกลั่นแกล้ง,1
เท้ง โนคอมเมนต์ฉายารัฐบาล อยากฟังฉายาตัวเองมากกว่า ย้ำต้องปรับปรุงการทำงาน,1
สมัครชิงนายก อบจ.นนทบุรี คึกคัก แชมป์เก่า น้ำตาคลอ ลั่นขออาสาทำงานสมัยที่ 5,1
พิธา' พร้อมสู้​ ดันคนรุ่นใหม่​ นั่ง 'นายกอบจ. เชียงใหม่' ไม่หวั่นแม้​ 'ทักษิณ​' ลุยเอง,1
ปชน. แถลงรับความพ่ายแพ้ 'นายก อบจ.อุบลฯ' ยัน ไม่ท้อ ทำงานการเมืองตรงไปตรงมา,0
‘ทักษิณ’ จัดหนัก 4 เวทีปราศรัยช่วย ’สว.ก๊อง‘ หาเสียงนายกอบจ.เชียงใหม่ ชน ‘พิธา’,1
“จิราพร-มนพร” ลุยถิ่นอีสานเหนือ หนุน “อนุชิต หงษาดี”เป็นนายก อบจ.นครพนม,0
“พิชัย” บรรยายที่ ม.โตเกียว ย้ำ ปชต.ไทยมั่นคง เสถียรภาพเศรษฐกิจไทยแข็งแกร่ง,0
‘เพื่อไทย’ เปิดตัว ‘สลักจฤฎดิ์’ คืนความเข้มแข็งให้ เชียงราย-ดึงศักภาพจังหวัด,0
น้ำลดแต่ปัญหาไม่จบ “พรรคประชาชน” ลงพื้นที่ภาคใต้ ฟังปัญหาหลังน้ำลด,1
ชื่นมื่น “ทักษิณ” - “อนุทิน” ร่วมตีกอล์ฟ สยบรอยร้าวรัฐบาลแตก,1
“บิ๊กป้อม” ส่งสนธิรัตน์-มล.กรกสิวัฒน์ ลงตราด รับเรื่องร้องเรียน ขอรัฐหยุด MOU 44,1
“เฉลิมชัย” มอบของขวัญปีใหม่ กาฬสินธุ์-แพร่-พังงา อนุญาตทำกินในเขตป่า,0
‘ฝ่ายค้าน’ ยื่น ซักฟอกรัฐบาลต้นกุมภาฯ ‘ปชน.’ เปิดให้ลูกพรรคเสนอหัวข้อแล้ว,1
หัวหน้าอิ๊งค์ เตรียมเปิดตัว 6 ผู้สมัครนายกอบจ. 24 ธ.ค. เลือกส่งในจังหวัดที่มั่นใจ,0
มาริษ เผยเวที 6 ประเทศเพื่อนบ้านเมียนมา-เวทีอาเซียนอย่างไม่เป็นทางการ ลุล่วงด้วยดี,0
ลิณธิภรณ์ ชูโพล แพทองธาร นักการเมืองอันดับ 1 ในไทย อันดับ 3 ในเอเชีย สะท้อนคนไทยเชื่อใจ-ทั่วโลกเชื่อมั่น,0
ทอ. ส่ง F-16 บินสกัดกั้น อากาศยานไม่ทราบฝ่าย บริเวณชายแดนไทย-เมียนมา,0
ทักษิณ ถึงโคราช แห่รับแน่นสนามบิน เพื่อไทย เปิดตัว มาดามหน่อย ชิงนายกอบจ.โคราช,0
นายกฯ เปิดงาน ออนซอนกลองยาวชาววาปี ชูซอฟต์พาวเวอร์ ดึงนักท่องเที่ยว,0
รัฐสภา รับหลักการ ร่างพ.ร.ป.ปราบทุจริต ทั้งฉบับครม.-วิโรจน์ ด้าน สว. เสียงแตก,1
รมช.กห. ลั่น ทหารไทยไม่อ่อน แจงปมว้าแดงรุกชายแดน ยัน พร้อมปกป้องอธิปไตย,1
ทรงศักดิ์ เชื่อ ปมเขากระโดง โยงการเมือง ซัดน่ารังเกียจ จี้ รฟท. พิสูจน์สิทธิ์ที่ดิน,1
มท. ลงพื้นที่เขากระโดง พิสูจน์ปมพิพาท ‘สส.บุรีรัมย์ ภท.’ ซัดเกมการเมือง หวังโจมตี‘เนวิน’,1
ปชน. แจงปม ตร. บุกจับสมาชิกพรรคปราจีนฯ ยัน ไม่ใช่ปืนเถื่อน ชี้ไร้เหตุขับพ้นพรรค,1
ส่องเลขรถ นายกฯ ลุยมหาสารคาม ยัน เงินหมื่น แจก3รอบ ชาวบ้านชมสวยกว่าในทีวี,0
ภูมิธรรม เยือนเวียดนาม เสริมสร้างความสัมพันธ์-ความร่วมมือด้านความมั่นคง,0
ลิณธิภรณ์ โต้ เท้ง ปมสัปทานพลังงานหมุนเวียน หลังกล่าวหา นายกฯละเลย,1
นายกฯอิ๊งค์ เปิดซอฟต์พาวเวอร์อาหาร ดันเชฟไทย-อาหารไทย แพร่วัฒนธรรม อวดต่างชาติ,0
พิชิต แนะทำประชามติ 3 ครั้ง แก้ รธน.หวังรอบคอบ แจงแม้ใช้เวลา-งบมากแต่คุ้มค่า,0
ศาลสั่งจำคุก 2 ปี 8 เดือน อานนท์ นำภา คดี 112 จัดม็อบแฮร์รี่พอตเตอร์,0
เช็กเสียง สส.โหวตประชามติ ภูมิใจไทยสวนมติวิปรัฐบาล แฉ 2 สส.ไทยสร้างไทยเอาด้วย,1
ชูศักดิ์ ชี้สัญญาณดี สภายึดประชามติเสียงข้างมากชั้นเดียว มองพรรคร่วมเห็นต่างเป็นสิทธิ์,0
เด็จพี่ อัดกลุ่ม แก้วสรร-จตุพร นำมวลชนกดดัน ปปช.ปมชั้น 14 เตือนเวรกรรมจะตามทัน,1
ชูศักดิ์ ชี้ อิ๊งค์ ไม่จำเป็นต้องไปแจง กกต. ปมทักษิณครอบงำ เย้ยนักร้อง เตรียมโดนเช็กบิล,1
นายกฯ ลุยมหาสารคาม ติดตามแก้อุทกภัยลุ่มน้ำชี-เปิดงาน‘ออนซอนกลองยาวชาววาปี’,0
นายก อบจ.อุดรธานี เริ่มงานวันแรก สักการะสิ่งศักดิ์สิทธิ์ แถลง 18 นโยบาย ที่ประชุมสภา,0
ณัฐพงษ์ มั่นใจ อภิปรายครั้งนี้ ไม่ผิดหวัง เข้มข้นกว่าทุกครั้ง ชวน ขรก.ส่งข้อมูลทุจริต-นโยบายไม่ถูกต้อง,0
รมว.ยุติธรรม เป็นประธานสัมมนาเชิงปฏิบัติการ การพัฒนาการจัดการศึกษาผู้ต้องขังในเรือนจำต้นแบบการศึกษา,0
รออีก180วัน! สภาฯ โหวต 326 เสียง ยึดหลักการเดิมเกณฑ์แก้ รธน. ใช้เสียงข้างมากชั้นเดียว,0
ลิณธิภรณ์ ปลุก สส.ยืนหยัดเกณฑ์เสียงข้างมากปกติ สงสัยคนหนุนเสียงข้างมาก 2 ชั้น ระวังถูกครหาขวางแก้ รธน.60,1
สภา ไฟเขียว กม.อำนาจเรียกของกมธ. ถกวุ่นปมคำนิยาม ชลน่าน หวั่นมีคนร้องศาลรธน.,1
ทวี ยันส่ง ทักษิณ รักษาชั้น 14 ยึดระเบียบถูกต้อง เชื่อป.ป.ช.ปราศจากอคติ,1
ธรรมนัส ยกกลุ่ม 20 สส. ย้ายซบพรรคกล้าธรรมแล้ว เพิ่ม สส.เป็น 24 คน,1
ธรรมนัส ได้ฤกษ์ พา 20 สส. เปิดตัวเข้าพรรคกล้าธรรม 19 ธ.ค. ก่อนปรับ กก.บห.,0
อนุทิน ควง ซาบีดา มอบถุงยังชีพ ให้กำลังใจชาว อ.กาญจนดิษฐ์ เร่งจ่ายเยียวยาเร็วที่สุด,0
พริษฐ์ ยัน เข้มข้นแน่ ซักฟอกรัฐบาล ปัดเช็กเสียงฝ่ายค้าน โว สส.ปชน.140คน เพียงพอ,1
รัศม์ ดึงสติ 'โรม' เศร้าได้ แนะพิจารณาถึงต้นเหตุ 4 ลูกเรือไทย แจงการทูตไม่กดดันผ่านสื่อ,1
พริษฐ์ เตือนรัฐบาล รักษาสัญญา แนะ ยื่นร่างแก้รธน.ตั้งสสร. ประกบ ปชน.,1
ศาลรัฐธรรมนูญ ตีตกคำร้อง สนธิญา อ้างเพื่อไทย แจกเงินหมื่น ดิจิทัลวอลเล็ต ไม่ตรงหาเสียง,1
ศาลรธน. ตีตกคำร้อง รมว.ยุติธรรม-ราชทัณฑ์ เอื้อประโยชน์ ‘ทักษิณ’ รักษาตัวชั้น 14,1
เอกนัฏ ยัน 36 สส.รวมไทยสร้างชาติ ยังปึ้ก ไม่ทิ้ง พีระพันธุ์ ซบพรรคโอกาสใหม่,1
กกต. ประสาน ตร. คุมเข้มดูแล เลือกตั้งอบจ. เชื่อ ไม่เกิดปัญหาบ้านใหญ่,1
นายกฯอิ๊งค์ ตอบแล้วไปมั้ย! หลังกกต. เรียกชี้แจงคำร้อง ‘ทักษิณ’ ครอบงำเพื่อไทย,1
กัณวีร์ ถกค้ามนุษย์ จี้รัฐบาลแก้ไข วันนอร์ รับลูกนัดกมธ.กฎหมาย-มั่นคง หารือด่วน,1
อิ๊งค์ มอบถุงยังชีพ ส่งกำลังใจชาวสุราษฎร์ ยันรบ.ดูแลเต็มที่ ชาวบ้านโผกอดอบอุ่น,0
ห้ามขาดห้ามลา! เพื่อไทย ฮึ่มสส. ร่วมโหวตกม.ประชามติ หนุนเสียงข้างมากชั้นเดียว,1
นายกฯ ลงเรือฝ่าน้ำมอบถุงยังชีพให้กำลังใจชาวบ้าน ย้ำอย่าลืมลงทะเบียนรับเงิน9พัน,0
พปชร. ลั่นรัฐบาลมัวทำอะไร จี้แจงเมียนมา จับ 4 ลูกเรือไทย รุกล้ำจริงหรือไม่,1
ส่องทะเบียนรถ นายกฯอิ๊งค์ ลงพื้นที่น้ำท่วมนครศรีธรรมราช-สุราษฎร์ มอบถุงยังชีพ,0
นายกฯ รุดเยี่ยมน้ำท่วมใต้ ถก 5 ผู้ว่าฯ ยันรัฐจ่ายเยียวยาไว คาดไม่เกิน20ธค.น้ำแห้ง,0
ฝ่ายค้าน นัดดินเนอร์ ถกเกมเปิดซักฟอก ยังหวัง ‘นายกฯอิ๊งค์’ ล็อกวันมาตอบกระทู้,1
ก่อแก้ว เชื่อพม่าปล่อย 4 ลูกเรือไทย ภายในม.ค.68 ฟุ้ง 'ภูมิธรรม' ทำงานเงียบๆ ไม่คุยโว,1
"ครม.ไฟเขียว เงินสงเคราะห์บุตร ผู้ประกันตน เพิ่มเป็น 1,000 บาท เริ่ม 1 ม.ค.68",0
‘ทักษิณ’ครอบงำเพื่อไทย กกต.เรียกหัวหน้าพรรคแจงแล้ว ร้องยุบพรรคยังค้าง8เรื่อง,1
ชญาภา แจงแล้วไม่จริง 'พานทองแท้' นั่งหัวหน้าทีมเศรษฐกิจ ซัดพวกปั้นน้ำเป็นตัว,1
ไม่ได้ยื้อ! กกต. แจง สั่งสอบเพิ่ม ‘หมอเกศ’ ปมใช้วุฒิลวง-ฮั้วเลือกสว. ยันไม่ล่าช้า,1
นายกฯอิ๊งค์ กั๊กส่ง ‘สจ.จอย’ ลงชิงเก้าอี้นายก อบจ.ปราจีนบุรี ในนามเพื่อไทย,1
โรม เศร้า 4ลูกเรือไทย ถูกศาลเมียนมาสั่งจำคุก ฉะรัฐบาลอ่อนแอ บี้ถามช่วยเต็มที่หรือยัง,1
โรม จับตาป.ป.ช. ทำคดีจนท.รัฐ ปมชั้น 14 แซะแรง ‘ทักษิณ’ แย่งลูกเป็นนายกฯ,1
นฤมล มั่นใจสัปดาห์นี้จบ 20 สส.ย้ายเข้ากล้าธรรม ‘ธรรมนัส’ จ่อนั่งประธานที่ปรึกษา,0
อนุทิน ขอส่งแค่ใจ โว ภท. ไม่ขนทัพใหญ่ช่วยหาเสียง นายกอบจ. แต่ยังเป็นเบอร์หนึ่ง,0
อย่าโยงดราม่า! ภูมิธรรม โว อันวาร์ ตั้ง ‘ทักษิณ’ มองเห็นฝีมือ ไม่ได้ครอบงำอาเซียน,1
ภูมิธรรม เผย 4 ม.ค.68 คาด 4 ลูกเรือประมงไทย ได้ปล่อยตัว ปัดแจงรายละเอียดข้อกล่าวหา,0
อนุทิน ชี้เคส สจ.โต้ง แค่วิวาท หนุน อิ๊งค์ คุมปราบมาเฟีย ลั่นไม่มีใครใหญ่กว่านายกฯ,1
ชญาภา เผยรัฐบาลแพทองธารทำถึง ดันท่องเที่ยว-อาหารไทยติดอันดับโลก สร้างมูลค่าเศรษฐกิจให้ประเทศ,0
นายกฯอิ๊งค์ ปลื้มผลหารือมาเลย์ จับมือแก้น้ำท่วม-ปัญหาชายแดนใต้-การศึกษา,0
ยื้ออีก! กกต.ยังไม่ฟัน‘หมอเกศ’ สั่งสอบเพิ่มใช้วุฒิการศึกษาหลอกลวง-ฮั้วเลือกสว.,1
จับตา 20 สส.ซบกล้าธรรม ‘ธรรมนัส’นั่งประธานกุนซือ ไผ่ ลิงค์ เป็นเลขา นฤมลหัวหน้า,0
นายกฯ แจงเมียนมาจำคุก 4 ลูกเรือไทย ชี้เป็นไปกระบวนการทางกฎหมาย ก่อนอภัยโทษ,0
แรงส์! พท. ตอกกลับ วิโรจน์ ไล่ไปดูหัวหน้าพรรคปชน. ได้ครึ่งที่ชาวบ้านคาดหวังมั้ย,1
พริษฐ์ หารือ‘ชูศักดิ์’ ปมแก้รธน. ฝากถึงนายกฯ โน้มน้าว สส.-สว.ทำประชามติ 2 ครั้ง,0
เพื่อไทย โดดป้อง นายกฯ อิ๊งค์ โต้หนีตอบกระทู้สภา ซัดฝ่ายค้านหาเรื่อง,1
ชินแล้ว! เอกนัฏ แจงวุ่น ‘ทักษิณ’เหน็บพรรคร่วม ยืนยันโหวตพรก. ไม่หวั่นไหว,1
ทักษิณ จัดเต็ม! ช่วย‘สว.ก๊อง’ หาเสียงนายก อบจ. ปราศรัย 4 เวที ทั่วเชียงใหม่,0
แทนคุณ จี้ ตร.-กต. ล่าตัว หมอบุญ คาดหลบหนีไปอิตาลี ร้องประธานสภาช่วยเร่งคดี,1
แพทองธาร ถก นายกฯมาเลเซีย จับมือผลักดันศก.-อุตสาหกรรมยาง-โครงการชายแดน,0
บิ๊กเล็ก ร่าวยาวปมทหารเกณฑ์ดับในค่าย ลั่นไม่ปล่อยให้เกิดอีก เข้มมาตรการลงโทษ,1
ทักษิณ-ธรรมนัส เตรียมร่วมงานสวดศพ สจ.โต้ง ปราจีนบุรี หลังถูกยิงดับ,0
"""ทักษิณ"" ขึ้นเวทีปราศรัยเชียงใหม่ช่วย ""สว.ก๊อง"" ชิงนายก อบจ.",0
จับกระแสการเมือง : วันที่ 23 ธ.ค.2567 “อนุทิน” ชงตั้ง 25 พ่อเมือง รทสช.แก้เกมพีระ..-เอกนัฏ พร้อม พัง,1
"รฟท.งัดกรรมสิทธิ์ ""เขากระโดง"" ลั่นทวงคืนอย่าโยงการเมือง",1
"เตือนรัฐบาลเร่งสร้างศก.เข้มแข็ง ""กัมพล"" หวั่นถูกลดเครดิตเรตติ้ง",0
“จิตรวรรณ” พ่ายเก๋าเพื่อไทย บารมี “ทักษิณ” คุมท้องถิ่น-ระดับชาติครบ,1
"""แพทองธาร"" ปัดตอบ ""ทักษิณ​"" เตรียมบินลังกาวี​พบ ""อันวาร์""",1
“พิธา” ขอชาวเชียงใหม่ เลือก “พันธุ์อาจ” เบอร์ 1 เป็นนายก อบจ.,0
"""อนุทิน"" ปัดตีกอล์ฟเคลียร์ขัดแย้ง ""ทักษิณ""",1
สมัคร อบจ.คึกคัก “ปัตตานี-แพร่-น่าน-ลำปาง-พิษณุโลก” ชิงเบอร์ 1-2,0
วันแรก! คึกคัก 47 จังหวัดเปิดรับสมัคร นายก อบจ. ถึง 27 ธ.ค.,0
"ฉายารัฐบาล 2567 ฉายารัฐบาล : รัฐบาล ""พ่อ"" เลี้ยง",1
"""กานต์ กัลป์ตินันท์"" คว้าชัยนั่งนายก อบจ.อุบลราชธานี",0
"""พรรคประชาชน"" ยอมรับผลเลือกตั้งนายก อบจ.อุบลฯ พร้อมลุยต่อ 17 จว.",0
"""ทักษิณ-อนุทิน"" ร่วมตีกอล์ฟสยบรอยร้าวรัฐบาล ?",1
"ลุ้นผลเลือกตั้ง อบจ.อุบลราชธานี ""กานต์"" คะแนนนำ",0
"กกต.ฟัน ""สส.ชวาล"" ปมแจงบัญชีใช้จ่ายเลือกตั้งไม่ตรงตามจริง",0
เปิดหีบลงคะแนน ปชช.ใช้สิทธิเลือกตั้งนายก อบจ.อุบลฯ - อุตรดิตถ์,0
อุตรดิตถ์คึกคัก! กกต. ชวนคนใช้สิทธิ์พรุ่งนี้ เลือกนายก อบจ.คนใหม่,0
กกต.เข้มเลือกตั้งนายก อบจ.อุบลฯ ส่งผู้เชี่ยวชาญร่วมสังเกตการณ์,0
"โค้งสุดท้าย ""พิธา-ธนาธร"" ลุยช่วยหาเสียงนายก อบจ.อุบลราชธานี",0
นายกฯ โดนอีก หนีตอบกระทู้ บูมเบอแรง “เพื่อไทย” ย้อนกลับ,1
โปรดเกล้าฯ แต่งตั้ง 41 ขรก.ตำรวจ-พระราชทานยศชั้นนายพล 19 ราย,0
รมว.กต.เมียนมา ยืนยันปล่อยตัว 4 ลูกเรือไทยเร็ว ๆ นี้,0
“สะใภ้ใต้” ลงใต้เสียที แรงกดดันที่มากกว่าบนบ่าสองข้าง,1
"""ธรรมนัส"" ย้ำทำการเมืองแบบใหม่ร่วมงาน ""พรรคกล้าธรรม""",0
"""ภท."" โหวตสวน สส. ""คว่ำ"" ร่าง กม.ประชามติ 2 ชั้น",0
แผนกินรวบ “บูรพาบางปะกง-ทะเลชลบุรี” นายก อบจ.ค่ายเพื่อไทย,1
"20 สส. ""กลุ่มธรรมนัส"" ย้ายซบ ""พรรคกล้าธรรม""",1
"ศาลรัฐธรรมนูญ ไม่รับคำร้องปมเอื้อ ""ทักษิณ"" นอนชั้น 14 รพ.ตำรวจ",1
"มวลชนกดดัน ป.ป.ช.เร่งไต่สวน 12 ขรก.เอื้อ ""ทักษิณ"" นอนชั้น 14",1
ไม่ถอย! สจ.จอย ประกาศลงชิง อบจ.ปราจีนบุรีดีลเพื่อไทย,1
ครม.อนุมัติเพิ่มงบจังหวัดประสบภัยน้ำท่วม 70 ล้านบาท,0
“ปานปรีย์” ชี้ ไทย-เมียนมา การทูต -ความมั่นคง แก้ปัญหา “ว้าแดง”,0
มติ สว.เห็นชอบร่าง กม.ประชามติ ฉบับกมธ.ร่วมฯ,0
ทักษิณท้ารบ “ภูมิใจไทย” ปมสังหาร “สจ.โต้ง” ล้างอิทธิพล “โกทร”,1
กกต.เผย 1 ก.พ.เลือกตั้ง ส.อบจ. 76 จังหวัด นายก อบจ. 47 จังหวัด,0
"""แพทองธาร"" ควง ""ทักษิณ"" นั่งรถไฟไปหัวหินสัมมนาเพื่อไทย",0
"ผู้สมัคร ""นายก อบจ.ตาก"" เร่งหาเสียงขอคะแนนโค้งสุดท้าย",0
เสียงปืนที่ปราจีนฯ สะท้อน “บ้านใหญ่” กับการเมืองของความกลัว,1
ขับ สส.กลุ่ม “ธรรมนัส” พ้นพปชร. “ดีล”ลงตัวหรือยิ่งถอยหลังลงคลอง,1
มติขับ 20 สส.กลุ่มธรรมนัสพ้น พปชร. จ่อซบพรรคกล้าธรรม,0
"""วันนอร์"" เผยนัดประชุมร่วมรัฐสภา 20 ธ.ค.นี้ ถกข้อตกลง FTA",0
ปลิดชีพ “สจ.โต้ง” วงจรการเมือง “ในรัก มีชัง” ใต้เงาบ้านใหญ่,1
"""นฤมล"" ปัดดีลเบรกสอบ ""ภูนับดาว"" แลกพปชร.ขับ 20 สส.",1
"""นพดล"" ชี้แจงกรณีเจรจา ""MOU 44"" ปัดยอมรับเส้นไหล่ทวีปของกัมพูชา",0
นายกฯ แถลงผลงาน 90 วัน ยันปี 68 โอกาสของคนไทยลุยเงินดิจิทัล,0
จับอดีตหน.สำนักอบต.ปลอมเอกสาร-แต่งเงินเดือนกู้แบงก์,0
"ถ่ายทอดสด ""แพทองธาร"" แถลงผลงานรัฐบาล 90 วัน - นโยบายเรือธงปี 68",0
สส.เพื่อไทย เตรียมลงมติ ถอนร่าง กม.กลาโหม พรุ่งนี้,0
"""ทักษิณ"" อ้อนคนอุบลฯ คืน สส.ให้เพื่อไทย",1
ครม.อนุมัติ มาตรการช่วยเหลือ SMEs - ลูกหนี้เปราะบาง,0
สุมฟืน โยนเข้ากอง(ทัพ)ไฟ พท.ดันแก้ร่างพ.ร.บ.จัดระเบียบกลาโหม,1
"ครม.ตั้งลูกหลานนักการเมือง ""บิ๊กล็อต"" นั่ง​ ขรก.การเมือง",0
กกต.รับรองผลเลือกตั้ง นายก อบจ. 5 จังหวัด 16 ธ.ค.นี้,0
สอบคุณสมบัติ “กิตติรัตน์” นั่งปธ.บอร์ดแบงก์ชาติยาวถึงต้นปี,0
"""ไอซ์ รักชนก"" รอดศาลไม่ถอนประกันตัวคดี ม.112 - พ.ร.บ.คอมฯ",0
"""ทักษิณ"" ลุยอุบลฯ ช่วย ""กานต์"" หาเสียงเลือกตั้งนายก อบจ.",0
"""วันนอร์"" ชี้ นายกฯ-รัฐมนตรี ควรมาตอบกระทู้สด อย่าซีเรียส",1
"เพื่อไทยโต้ ""สนธิ"" อ้าง MOU 44 ยังไม่เข้าสภาฯ อย่าโยง ""ทักษิณ""",1
"ยังไม่ตัดสินใจ ""ถาวร"" เปิดบ้านรับเทียบเชิญลงนายก อบจ.สงขลา",0
"แก้ ""กฎหมายกลาโหม"" ""เพื่อไทย"" ได้แต่ไม่ง่ายดังหวัง",1
"""สนธิ"" ​ยื่น​ ""นายกฯ"" ยกเลิก​ ""MOU​ 44​ - ​ JC 44""",0
"""ภูมิธรรม"" ตอบปมปล่อย 4 ลูกเรือไทยล่าช้า รอรัฐบาลเมียนมาตัดสินใจ",0
ยุติธรรมอำพราง “บุญทรง -ภูมิ-เสี่ยเปี๋ยง” fast track คดีจำนำข้าว,1
ไร้วี่แวว! 4 ลูกเรือประมงยังไม่ถึงไทย เมียนมาอ้างรอคำสั่งส่วนกลาง,1
ปิดเกมอำนาจลุงบ้านป่า “ทำลายคนข้างกาย-สอยคนข้างใจ”,1
กต.รอรับลูกเรือประมงไทย​ ยังไม่ชัดเจนกลับวันนี้หรือไม่,0
"ราชทัณฑ์แจงยิบปมพักโทษ ""เสี่ยเปี๋ยง"" เข้าเกณฑ์ป่วยร้ายแรง",1
ภาพแรก 4 ลูกเรือประมงไทย-ขั้นตอนรับตัวหลังเมียนมาปล่อยตัว,0
นายกฯ นำ ครม. ทำบุญตักบาตร เนื่องในวันคล้ายวันพระบรมราชสมภพ รัชกาลที่ 9,0
"ถอดรหัส ""เกาหลีใต้ -สิงคโปร์"" ประชาชนอำนาจสูง ""ต้านโกง""",1
13 ธ.ค.กมธ.จองคิวกรมป่าไม้-ส.ป.ก.ลงพื้นที่ไร่ภูนับดาว,0
กมธ.ร่วมฯประชามติ ส่งรายงานให้ 2 สภาฯ พิจารณา,0
“สามารถ” ใช้สารพัดวิธีสู้ แต่ไม่ได้ผลแถม “คดีงอก”,1
"""ทวี"" ชี้ข้อร้องเรียน ""มาเฟียเรือนจำ"" เป็นเรื่องเก่า - ไม่พบ จนท.เกี่ยวข้อง",1
"""นันทนา"" ค้านประชามติ 2 ชั้น หวั่นบิดเบือนเจตจำนงประชาชน",1
"""โรม"" ยกโมเดลรัฐสภาเกาหลีใต้ ทบทวน การเมือง-รัฐประหารไทย",1
“บุญทรง” ปรากฏตัวครั้งแรกหลังพักโทษ รายงานตัวคุมประพฤติเชียงใหม่,0
“บุญทรง” คนกุมความลับ “จำนำข้าว-ระบายมันเส้น”,1
"เลขา ป.ป.ช.เผยยังไม่ชี้มูลความผิด ""คดีชั้น 14"" - อยู่ระหว่างการตรวจสอบข้อมูล",0
"ครม.เคาะเยียวยาพื้นที่น้ำท่วมใต้ ครัวเรือนละ 9,000 บาท",0
"ครม.ตั้ง ""อุเมศ-วีระพงษ์"" ที่ปรึกษานายกรัฐมนตรี",0
"""ทวี"" ปัดปล่อยตัว ""บุญทรง"" เปิดทาง ""ยิ่งลักษณ์"" กลับไทย",0
ถึงคิว “หวานใจ” บิ๊กการเมือง ปม “สางแค้น” ยังมีภาคต่อ,1
กกต.ชี้แจงเหมาะสมแล้ว ไม่เลื่อนวันเลือก อบจ.วันที่ 1 ก.พ.68,0
"พรุ่งนี้ ครม.หารือตั้ง ""คกก.ศูนย์ภัยพิบัติแห่งชาติ”",0
"พักโทษ ""บุญทรง"" คดีรับจำนำข้าวคุมประพฤติถึง 21 เม.ย.71",0
“ภูมิธรรม” มอง “เชิดชัย” ขู่ยุบสภาแค่ปมเห็นต่างร่างประชามติ,1
"""สุนทร เบอร์ 1"" ชนะเลือกตั้ง นายก อบจ.กำแพงเพชร นั่งต่ออีกสมัย",0
เลือกตั้ง นายกอบจ.กำแพงเพชร ปชช.-นักการเมืองออกมาใช้สิทธิคึกคัก รู้ผลวันนี้,0
คนไทยไม่เห็นด้วยคดียุบพรรคเหมารวม นิด้าโพล เผย 81.37% ชี้ควรมีสิทธิร้องศาลรธน.,1
เลือกอบจ.กำแพงเพชร 1 ธ.ค.นี้ นับคะแนนเรียลไทม์เริ่ม 6 โมงเย็น,0
เอาคืนพยัคฆ์บ้านป่า “ใบสั่งการเมือง” พลังประชารัฐ ช่วงขาลง,1
เครือข่ายแรงงาน โวย ขึ้นค่าแรง 400 ทั่วปท. ล่ม ชี้ปมสิทธิยังล้าหลังโลกสากล ต้องแก้ที่ รธน.,1
‘คนใต้’ ขอของขวัญให้คนทุกภาคจากนายกฯ กป.อพช. คาใจ พท. ไม่แข็งขันดันแก้ รธน.,1
ส.ส.ประชาชน โต้ ทักษิณ หลังลั่นกลางเวที ขอเชียงใหม่คืน ลั่น ปชช.ไม่ใช่ของตายของใคร,1
ชาวอุบลฯพ้อ คนชุมพรอึ้ง! แก้ท่วมไม่ได้ ดันอยากเพิ่มเขื่อน ยื่นคำขาด รธน.ต้องได้แก้,1
หญิงชาวบ้าน ทรุดเข่าก้มกราบ ‘ทักษิณ’ หลังปรึกษาปัญหาชีวิต การ์ดรีบห้าม เตือนอย่าทำ,0
ทักษิณ อู้กำเมือง หาเสียงเชียงใหม่ ฮึ่มฟ้องพวกเห่าหอน ซัดปชน.ขี้โม้ เก่งแต่พูด,1
รทสช. ขอบคุณสื่อ ตั้งฉายา พีระพันธุ์-เอกนัฏ ยัน พร้อมพังในสิ่งไม่ถูกต้อง,0
ศิริกัญญา ลงพื้นที่ ให้กำลังใจผู้สมัครนายกอบจ.ปราจีน รับ ชนะไม่ง่าย แต่ขอทำการเมืองแบบใหม่,1
ไรเดอร์ขอร้อง อุ๊งอิ๊ง ‘แก้รธน.- คืนพ่อให้ลูก’ ปล่อยนักโทษการเมือง โอด ‘คนไทยมีแต่หนี้’ ไหนว่ามีใช้?,1
สนาม ส.อบจ.ฉะเชิงเทรา เดือด ลูกหลานตันเจริญ ตบเท้าสมัคร ลงชิงเก้าอี้,0
ส.ส.ประชาชน โต้ ทักษิณ หลังลั่นกลางเวที ขอเชียงใหม่คืน ลั่น ปชช.ไม่ใช่ของตายของใคร,1
พริษฐ์ เผย กก.ประธานรัฐสภา มีมติให้ ปธ.สภาฯ บรรจุร่างแก้รธน. เปิดทางมี สสร. -ทำประชามติ 2 ครั้ง,0
เอกนัฏ ขอบคุณสื่อตั้งฉายา รับเป็นสีสัน สมาชิก รทสช. แจง พร้อม‘พัง’ กากพิษ-ธุรกิจสีเทา,1
กลาโหม ยัน ไม่ได้ปิดด่านชายแดน จังหวัดตาก แค่สกัดอหิวาตกโรค อุดช่องทางธรรมชาติ,0
อิ๊งค์ มอบนโยบาย กอ.รมน.ปี’68 เข้มปราบยา แก๊งคอล ชี้คุ้นกับทหารแล้ว ตั้งแต่เรียนมินิ วปอ.,0
จิรัฏฐ์ แจงแทน ธิษะณา ชี้ ภาพสูบบุหรี่อยู่ในโซนอนุญาต ข้องใจเพื่อนส.ส.แอบถ่าย แนะสู้กันแฟร์ๆในสภา,1
นันทนา โวย สว.สีน้ำเงิน บล็อกโหวต นั่งกมธ.พัฒนาการเมือง ซัด ศรีธนญชัย เกรียงไกร ยันใช้มติได้หากเกินจำนวน,1
ผบ.ทบ. เผยสถานการณ์ ‘ว้าแดง’ ยันทุกอย่างเรียบร้อยดี ไม่มีปัญหา,0
วิสุทธิ์ ชอบฉายา รัฐบาลพ่อเลี้ยง คนเหนือนับเป็นมงคลชีวิต ป้องนายกฯ ถือไอแพดดูข้อมูลดีแล้ว,1
นายกฯอิ๊งค์เชื่อ ทักษิณบินพบ อันวาร์ น่าจะเป็นเรื่องดีต่อการพัฒนาชายแดนใต้,0
วิปรัฐบาล รับแก้รธน.ไม่ทันเลือกตั้งปี 70 แจงเหตุตั้ง ส.ส.ร.ก่อนไม่ได้,0
ประธานวิปรบ. เชื่อ นายกฯไปตอบกระทู้ในสภาแน่ ถ้าไม่ติดภารกิจ มั่นใจสัปดาห์นี้ รมต.มาทุกคน,0
ทักษิณ ยันเพื่อไทยทำเศรษฐกิจดี คนเหนือเป็นพ่อเลี้ยงกันหมด ชี้ อิ๊งค์ เก่งกว่าตัวเองตอนเริ่มต้น,1
พิธา ไม่เห็นด้วย ฉายา แพทองโพย แนะ อิ๊งค์ ใช้เวทีสภา ลบข้อครหา รัฐบาลพ่อเลี้ยง,1
ทักษิณ ชี้ ไม่มีอะไรต้องเคลียร์ อนุทิน เรื่องธรรมดาลิ้นกับฟันจะกัดโดนกัน ลั่น ไม่มีปัญหาทำงานร่วมกันได้,1
สภากลาโหม เคาะสมุดปกขาว ลดนายพลตบยุง 50% ในปี 71 จ่อร่วมเอกชนตั้งฐานส่งวัตถุอวกาศ,1
ภูมิธรรม จวก พวกปั่นกระแสจุดไฟสงครามไทย-ว้า เชื่อปัญหาเขตแดนทางบก-MOU44 การเจรจา คือทางออก,1
เฉลิมชัย ไม่เคืองได้ฉายา ประชาธิเป๋ ชี้ต้องอยู่กับสื่ออีกนาน พร้อมทำงานให้ดีขึ้น,1
รมว.กลาโหม สั่งปิดชายแดนไทย-เมียนมา 1 เดือน สกัดอหิวาตกโรค เข้มมาตรการสุขภาพ,0
ธนาธร นำ นพดล สมัครนายกอบจ.สมุทรปราการ ลั่นพรรคต้องการเติบโตแบบคงเส้นคงวา,0
ภูมิธรรม ยิ้มรับฉายา สหายใหญ่ใส่บู๊ต บอกน้ำท่วมก็สวมตลอด หอบข้าวแจกปีใหม่ แซวไม่ใช่ข้าว 10 ปี,1
เลขากกต.ชี้เป็นสิทธิ ชวาล ต่อสู้คดีรายงานค่าใช้จ่ายเลือกตั้งไม่ครบถ้วน ให้ไปว่ากันในชั้นศาล,0
โฆษก ศธ. แจง ‘บิ๊กอุ้ม’ ติดกลุ่ม ‘รมต.โลกลืม’ แต่ผลงานเพียบ เอกชนปลื้ม,1
ส.ว.โวย รัฐบาลเทตอบ 5 กระทู้ ตั้งฉายา อิ๊งค์ “นายกฯนินจา”,1
สมัครอบจ.ปราจีนฯคึก สจ.จอย สวมเสื้อเพื่อไทย ลงสมัคร ฝั่งทีมงาน โกทร ยังเงียบ,0
เท้ง พา ‘เลิศมงคล’ ชิงนายก อบจ.นนท์ ชน ‘ธงชัย’ มั่นใจ 100% กวาด ส.ส.ยกจังหวัดมาแล้ว,0
‘จิราพร‘ เรียกประชุมกางแผนประชาสัมพันธ์ พระราชพิธีสมมงคล 14 ม.ค. 68,0
อิ๊งค์ ขอบคุณคนอุบลฯเลือกเพื่อไทย ชนะนายก อบจ. ชี้ถ้ามีโอกาส จะไปช่วยหาเสียง,0
นายกฯอิ๊งค์ ยันเร่งฟื้นภาคใต้ อวยพรปีใหม่ เดินทางปลอดภัย จิตใจเบิกบาน,0
พริษฐ์ ไม่กล้าคิดฉายาแข่งสื่อ แต่ยกเคส ค่าไฟแพง อธิบายภาวะรบ.เพื่อไทย ที่อยู่ได้ด้วยกลุ่มทุน,1
นายกฯอิ๊งค์ ไม่โกรธฉายา แพทองโพย มองมุมดี รัฐบาลพ่อเลี้ยง เพราะพ่อมีประสบการณ์,1
นายกฯ ชี้ ทักษิณ-อนุทิน รู้จักกัน20ปี ตีกอล์ฟร้องเพลงกัน ไม่แปลก เชื่อ ไม่มีปัญหา พร้อมคุยกับทุกพรรคร่วม,1
อนุทิน ลั่นเอาผิดถึงที่สุด ปม อส.ยิงคนดับ วอนอย่าเหมารวม กำชับนายอำเภอกวดขันวินัยเคร่งครัด,1
อนุทิน น้อมรับฉายา ‘ภูมิใจขวาง’ ลั่นภูมิใจทำประโยชน์ให้บ้านเมือง กำชับ เพิ่มพูน-นภินทร ทำอะไรปชช.ต้องรู้,1
พิชัย แจง 2 รมช.พาณิชย์ ติดฉายารมต.โลกลืม ขยันทำงาน แต่ออกสื่อน้อย,1
เท้ง เผย เตรียมทีมกม.สู้ ปมกกต.สั่งดำเนินคดี ชวาล ยื่นบัญชีใช้จ่ายเท็จ ชี้ข้อหาเล็กเงินไม่กี่พัน,1
ทักษิณ ควง ‘อนุทิน’ ดวลวงสะวิงสยบ ‘พท.-ภท.’ ร้าว ‘สารัชถ์-คงกระพัน’ ร่วมก๊วน,1
‘โทนี่’ บินเชียงใหม่ขึ้น ‘4เวที’ ช่วย ส.ว.ก๊องป้องแชมป์อบจ. ‘พิธา’ปาดหน้าหาเสียง,1
กกต.เชียงใหม่ ชี้ ส.ว.ก๊อง เสียเปรียบค่าใช้จ่ายเลือกตั้ง 4 เท่า เหตุลาออกก่อนครบวาระ,0
กานต์ กัลป์ตินันท์ ประกาศชัยชนะ นายก อบจ.อุบลราชธานี ยอมรับได้แรงหนุนจาก ‘ทักษิณ’,1
ทักษิณ ส่งคลิปเชียร์ ‘สลักจฤฎดิ์’ อ้อนคนเชียงราย ลงคะแนนให้ได้นั่งนายก อบจ.อีก,0
พิธา ดันคนรุ่นใหม่ชิงนายกอบจ.เชียงใหม่ ไม่หวั่น ทักษิณ ลงพื้นที่ หวังสื่อจัดดีเบตโชว์วิชั่นผู้สมัคร,1
ชวาล ยินดีพิสูจน์ตามกระบวนการศาล หลัง กกต.สั่งดำเนินคดีอาญา ยื่นบัญชีใช้จ่ายเท็จ,0
นับ 100% แล้ว ชัยศิริ รักษาตำแหน่งนายกอบจ.อุตรดิตถ์ เป็นสมัยที่ 5,0
นับแล้ว 98% ชัยศิริ แชมป์เก่า รั้งตำแหน่งนายกอบจ.อุตรดิตถ์ เป็นสมัยที่ 5,0
ทักษิณ จัดหนัก 4 เวทีปราศรัยช่วย ส.ว.ก๊อง หาเสียงนายก อบจ.เชียงใหม่ 23-24 ธ.ค. ชนพิธา,1
มท.4 ลุยสตูล ผลักดันการค้าชายแดน-การท่องเที่ยวธรรมชาติ,0
ส.จ.ตี๋-อดีต ส.ส.มานิตย์ ตื่นตัว รู้ข่าว กกต.สั่งฟันอาญา ‘ชวาล’ ลั่นพร้อมรับศึกเลือกตั้งอยู่แล้ว,0
"ปชน. ลงภาคใต้ รับฟังปัญหาหลังน้ำลด ลิซ่า จี้ รบ.เยียวยา 9,000 บาทถ้วนหน้า",1
กกต.สั่งดำเนินคดีอาญา ชวาล ส.ส.พรรคประชาชน ยื่นบัญชีใช้จ่ายเท็จ โทษคุก-ตัดสิทธิ 5 ปี,0
บิ๊กป้อม ส่ง ‘สนธิรัตน์-กรกสิวัฒน์’ ลงตราด รับเรื่องร้องเรียน ขอรัฐหยุด MOU 44,0
‘ทักษิณ’ ควง ‘อนุทิน’ ออกรอบ ที่สนามกอล์ฟ สโตนฮิลล์ สยบข่าว ‘พท.-ภท.’ ร้าว,1
รอยร้าว ‘ความคิด’ เพื่อไทย-ภูมิใจไทย รอยร้าวรัฐบาล,1
วิสุทธิ์ โวดัน กม.เพื่อประโยชน์ ปชช. 20 ฉบับ ลั่นวางแนวชัดก่อนเสนอวิป,1
เปิดหีบยังบางตา! ชาวอุตรดิตถ์ ทยอยออกมาใช้สิทธิ์เลือกตั้งนายก อบจ.,1
รบ.รณรงค์ ดื่มไม่ขับ กลับบ้านปลอดภัย ช่วงปีใหม่ วางแผนคุมเข้ม เน้น 10 ข้อหา,0
จิราพร-มนพร นำทัพเพื่อไทย ลุยถิ่นอีสานเหนือ หนุน อนุชิต เป็นนายก อบจ.นครพนม,0
พิชัย บรรยายที่ ม.โตเกียว ย้ำ ปชต.ไทยมั่นคง ส่งผลเสถียรภาพเศรษฐกิจไทยแข็งแกร่ง,0
‘ทักษิณ’ โชววิชั่น ชูเอไอ-ซอฟต์พาวเวอร์ ปลุกศักยภาพอีสาน,0
ภท. แจงโหวตสวน กม.ประชามติ ยันแจ้งวิปรบ.ล่วงหน้าแล้ว มั่นใจรบ.ไม่ร้าว แกนนำพรรคคุยรู้เรื่อง,0
นายกรัฐมนตรี ควงคู่สมรส ร่วมงานคืนสู่เหย้า 89 ปีโยธินบูรณะ ให้กำลังใจวงดนตรีลูกทุ่งของรร.,0
เพื่อไทย เตรียมแถลง เปิดตัว สลักจฤฎดิ์ ติยะไพรัช ชิงนายกอบจ.เชียงราย,0
พิชัย คุยนักลงทุนญี่ปุ่น ขอให้มั่นใจการเมืองไทยภายใต้ รบ.อุ๊งอิ๊ง นิ่งแล้ว ศก.เริ่มฟื้นตัว,0
เปิดขั้นตอน ย้าย โกทร มาคุกกรุง รับหากป่วย อนุมัติไปรักษานอกเรือนจำแบบทักษิณได้,0
วันชัย ชี้ 6 เดือนจากนี้ ถ้ารัฐบาลไม่มีผลงานเหมือนแถลง อยู่ลำบาก-เจอถล่มโจมตี,1
เพื่อไทย ชู มาดามหน่อย นั่งนายก อบจ.โคราช เชื่อมนโยบายชาติ สู่การพัฒนาท้องถิ่นมิติใหม่,0
กอ.รมน. เตรียมแถลงผลงาน 2567-แผนการปฏิบัติงาน 2568 ที่ทำเนียบรัฐบาล จันทร์นี้,0
กกต. พร้อมแล้ว ดีเดย์ 1 ก.พ. เลือกตั้งอบจ. เช็กวันรับสมัครทั่วประเทศ,0
ปชน.ส่ง ณัฐชา คุมเลือกตั้งอบจ.สมุทรสาคร-สมุทรสงคราม ชูแผนปราบ ปลาหมอคางดำ หาเสียง,0
นายกฯอิ๊งค์ ปลื้มวัยรุ่นสารคามกรี๊ดสนั่น แจงปีหน้าเริ่มแน่-ส่ง ซัมเมอร์แคมป์ ต่างประเทศ,0
ทักษิณยันคุยภูมิใจไทย เป็นประจำ บอกสื่อเรื่องร้อนอีแอบ อย่าไปสนใจ,1
ทักษิณ ชูเอไอเสริมแกร่งให้คนอีสาน ลั่นไม่ยากทำจีดีพี 5% มั่นใจถ้าศก.ดี คุณภาพชีวิตก็ดี,0
อากาศยานไม่ทราบฝ่าย โผล่ชายแดนไทย-เมียนมา ด้าน จ.ตาก ทอ.ส่ง F-16 2 ลำ พิสูจน์ฝ่าย,0
ทักษิณ โชว์วิชั่น พัฒนาคน หนุนคริปโทสร้างเงินหมุนเวียน สร้างซุปเปอร์โมเดลลูกอีสาน,0
ทักษิณ ถึงโคราช​ เปิดตัว เจ๊หน่อย ยลดา สวมเสื้อเพื่อไทย ชิงนายกอบจ.เมืองโคราช,0
สุริยะ ลุย อีสานพร้อมเปลี่ยน ‘ความท้าทาย’ กลายเป็น ‘โอกาส’ เชื่อมไทยสู่โลก ผ่านโครงข่ายคมนาคม,0
กมธ.อุตฯ หนุน เอกนัฏ สั่งปิดรง.ระเบิด ชี้ปล่อยให้เกิดเหตุซ้ำซาก แนะทำโมเดลเชือดโรงงาน จงใจละเมิดกม.,1
นฤมล ส่งเสริมคนอีสาน ปลูกพืชมูลค่าสูง เพิ่มรายได้ กางโรดแมป แก้ดินเสื่อม-นํ้าแล้ง,0
ช็อก1ขวบ7เดือนสูบบุหรี่ไฟฟ้าแล้ว 6 ขวบสูบกันจริงจัง สรรเพชญ ค้านขายถูกกฎหมาย,1
รัฐสภา รับหลักการ ร่างพรบ.ปราบโกง 2 ฉบับ ด้าน วันนอร์ แจ้ง ถกแก้ไขรธน. 14-15 ม.ค.68,0
อีสาน ฮวงจุ้ยปั๊วะปัง! อธิการฯ มรภ.โคราช ลั่น จากนี้ต้องไม่ใช่แค่ทางผ่าน ปลื้มทุกฝ่ายร่วมดันศก.,1
นายกฯ ดัน 1อำเภอ1ทุน-ซัมเมอร์แคมป์ สร้างแพชชั่นเด็กหลังห้อง แนะปชช.คิดโครงการ รอกองทุนSMLเลย,0
ISAN NEXT ปิดภาคบ่ายสุดเข้ม 3 รมต. ทอล์ก ‘แก้หนี้’ กางแผนอีสานเชื่อมโลก ดันเกษตรพุ่ง,0
อธิบดีกรมที่ดิน ยันไม่ฟ้องรฟท. ปมที่เขากระโดง ชี้เพิกถอนหรือไม่ หลักฐานต้องชัด 100%,0
ทรงศักดิ์ ไม่รู้ภท. เจอซัดอีแอบ ยันเป็นเรื่องส.ส.แคมเปญ 180 วันเพื่อไทย ย้ำไม่กระทบพรรคร่วม,1
รมช.กลาโหม ลั่น ทหารไทยไม่ได้อ่อน ปมว้าแดงรุกชายแดน ย้ำ พร้อมปกป้องอธิปไตย,1
ผู้ว่า ททท. ทอล์ก ‘เสน่ห์อีสาน’ หวังปี 68 นทท.เข้าประเทศ 40 ล้าน ลุยจัดอีเวนต์อินเตอร์,0
รมช.กลาโหม ยันเดินหน้าปฏิรูปกองทัพ ไม่เกี่ยวฝ่ายค้านกดดัน รับทหารเก่า ห่วงกม.สกัดรปห.,1
มท.2 ลงพื้นที่เขากระโดง รับฟังความเดือดร้อนชาวบ้าน ส.ส.บุรีรัมย์ ภท. ซัดเกมการเมือง หวังตี ‘เนวิน’,1
รองโฆษกปชน. เชื่อเจอวางงานที่ปราจีนฯ ยันไม่ใช่ปืนเถื่อน กังขาคนแจ้งตร. ระบุชัด เอารางวัลนำจับ,1
โรม ย้ำปชน.ไม่นิ่งนอนใจ ข่าวค้นบ้านสมาชิกพรรค ปราจีน ครอบครองปืน ยันไม่ใช่ผอ.พรรค,0
ชัยชนะ ยันไม่ได้อวย ทักษิณ ปมพูดเรื่องชั้น 14 แม้ปชป.ร่วมรบ. ซัด เชาว์ มีขวด ตีกิน หาแสง,1
สภาพัฒน์ ชี้ อีสาน สร้างรายได้ให้ประเทศมากถึง 10% ของจีดีพี แต่ติดกับดักรายได้น้อย,1
อธิการฯ มรภ.โคราช ซูมขุมทรัพย์ โพแทช 161 ล้านล้าน ชวนดึงอินฟลูฯ ดันวัฒนธรรมผงาดโลก,0
‘สุวัจน์’ ซูม 10 จุดแข็งอีสาน ชวนฟัง ‘ทักษิณ’ ทอล์กค่ำนี้ จะบูสต์อย่างไรต่อดี,0
โรม หวัง 4 ลูกเรือได้กลับไทยก่อนปีใหม่ อัดบิ๊กอ้วนพูดเท็จ มีข้อมูลชัด ไม่เคยประท้วงเมียนมา,1
กลุ่มสตรี-เสื้อแดงอีสาน มอบกุหลาบ-ผูกผ้าขาวม้า ต้อนรับ ‘นายกฯ’ ตรวจราชการมหาสารคาม,0
ภูมิธรรม เยือนเวียดนาม กระชับความสัมพันธ์ พร้อมพัฒนาความร่วมมือ อุตฯป้องกันประเทศ,0
วิชิต ฉุนถูกดูหมิ่น เตรียมฟ้องแพ่ง-อาญา ที่ปรึกษารมว.เกษตรฯ หมิ่นประมาท พาดพิงเอี่ยวไร่ภูนับดาว,1
มติวิป 3 ฝ่าย เลื่อนวาระ ประชุมร่วมรัฐสภา เอา ‘พิธีสาร-ร่างกม.ปปช.’ มาพิจารณาก่อน,0
อนุทิน มอบโยธาเร่งผลักดันจัดรูปที่ดิน 23 จว.ดึงปชช.มีส่วนร่วมหนุนการพัฒนาเมือง,0
รัฐบาลเร่งเยียวยาเกษตรกรใต้เหยื่อน้ำท่วม ขีดเส้นสำรวจความเสียหายภายใน 30 วัน,0
อิ๊งค์ บินสารคามวันนี้ ลุย “แก้ท่วม-แล้ง-1อำเภอ1ทุน” เปิดงาน “ออนซอนกลองยาวชาววาปี”,0
กรุณพล โต้ข่าวบุกจับ ผอ.พรรคปชน. ปราจีนฯ คนในข่าวไม่ใช่ผอ. แต่เป็นสมาชิกพรรคชื่อเหมือนกัน,1
,
,
,
,
,
,
,
,
,
,
,
,
,
,
,
,
,
,
,
,
,
,
,
,
,
,
,
,
,
,
,
,
,
,
,
,
,
,
,
,
,
,
,
,
,
,
,
,
,
,
,
,
,
,
,
,
,
,
,
,
,
,
,
,
,
,
,
,
,
,
,
,
,
,
,
,
,
,
,
,
,
,
,
,
,
,
,
,
,
,
,
,
,
,
,
,
,
,
,
,
,
,
,
,
,
,
,
,
,
,
,
,
,
,
,
,
,
,
,
,
,
,
,
,
,
,
,
,
,
,
,
,
,
,
,
,
,
,
,
,
,
,
,
,
,
,
,
,
,
,
,
,
,
,
,
,
,
,
,
,
,
,
,
,
,
,
,
,
,
,
,
,
,
,
,
,
,
,
,
,
,
,
,
,
,
,
,
,
,
,
,
,
,
,
,
,
,
,
,
,
,
,
